model,task,created,log_file,dimension,construct,accuracy,stderr
openrouter/deepseek/deepseek-chat,tom_12dim_freeresponse,2026-07-14T19:25:59+00:00,file:///Users/Naiti/Documents/Documents_NBMacBookPro/2026/DevToM/devtom-openrouter/logs/2026-07-14T19-25-59-00-00_tom-12dim-freeresponse_FgfhuBUd87XTDCUEGkNHUp.eval,ALL (overall),ALL (overall),0.8833333333333333,0.041793591990281174
openrouter/deepseek/deepseek-chat,tom_12dim_freeresponse,2026-07-14T19:25:59+00:00,file:///Users/Naiti/Documents/Documents_NBMacBookPro/2026/DevToM/devtom-openrouter/logs/2026-07-14T19-25-59-00-00_tom-12dim-freeresponse_FgfhuBUd87XTDCUEGkNHUp.eval,Diverse Beliefs,Belief reasoning,0.8,0.19999999999999998
openrouter/deepseek/deepseek-chat,tom_12dim_freeresponse,2026-07-14T19:25:59+00:00,file:///Users/Naiti/Documents/Documents_NBMacBookPro/2026/DevToM/devtom-openrouter/logs/2026-07-14T19-25-59-00-00_tom-12dim-freeresponse_FgfhuBUd87XTDCUEGkNHUp.eval,Diverse Desires,Desire / intention inference,0.8,0.20000000000000004
openrouter/deepseek/deepseek-chat,tom_12dim_freeresponse,2026-07-14T19:25:59+00:00,file:///Users/Naiti/Documents/Documents_NBMacBookPro/2026/DevToM/devtom-openrouter/logs/2026-07-14T19-25-59-00-00_tom-12dim-freeresponse_FgfhuBUd87XTDCUEGkNHUp.eval,Emotion Recognition,Emotion recognition,1.0,0.0
openrouter/deepseek/deepseek-chat,tom_12dim_freeresponse,2026-07-14T19:25:59+00:00,file:///Users/Naiti/Documents/Documents_NBMacBookPro/2026/DevToM/devtom-openrouter/logs/2026-07-14T19-25-59-00-00_tom-12dim-freeresponse_FgfhuBUd87XTDCUEGkNHUp.eval,Faux Pas Detection,Pragmatic understanding,0.4,0.24494897427831783
openrouter/deepseek/deepseek-chat,tom_12dim_freeresponse,2026-07-14T19:25:59+00:00,file:///Users/Naiti/Documents/Documents_NBMacBookPro/2026/DevToM/devtom-openrouter/logs/2026-07-14T19-25-59-00-00_tom-12dim-freeresponse_FgfhuBUd87XTDCUEGkNHUp.eval,First-Order False Belief,Belief reasoning,1.0,0.0
openrouter/deepseek/deepseek-chat,tom_12dim_freeresponse,2026-07-14T19:25:59+00:00,file:///Users/Naiti/Documents/Documents_NBMacBookPro/2026/DevToM/devtom-openrouter/logs/2026-07-14T19-25-59-00-00_tom-12dim-freeresponse_FgfhuBUd87XTDCUEGkNHUp.eval,Hidden Emotion (Appearance vs. Reality),Emotion recognition,1.0,0.0
openrouter/deepseek/deepseek-chat,tom_12dim_freeresponse,2026-07-14T19:25:59+00:00,file:///Users/Naiti/Documents/Documents_NBMacBookPro/2026/DevToM/devtom-openrouter/logs/2026-07-14T19-25-59-00-00_tom-12dim-freeresponse_FgfhuBUd87XTDCUEGkNHUp.eval,Intention vs. Accident,Desire / intention inference,1.0,0.0
openrouter/deepseek/deepseek-chat,tom_12dim_freeresponse,2026-07-14T19:25:59+00:00,file:///Users/Naiti/Documents/Documents_NBMacBookPro/2026/DevToM/devtom-openrouter/logs/2026-07-14T19-25-59-00-00_tom-12dim-freeresponse_FgfhuBUd87XTDCUEGkNHUp.eval,Irony,Pragmatic understanding,1.0,0.0
openrouter/deepseek/deepseek-chat,tom_12dim_freeresponse,2026-07-14T19:25:59+00:00,file:///Users/Naiti/Documents/Documents_NBMacBookPro/2026/DevToM/devtom-openrouter/logs/2026-07-14T19-25-59-00-00_tom-12dim-freeresponse_FgfhuBUd87XTDCUEGkNHUp.eval,Knowledge Access / Ignorance,Knowledge access,0.8,0.19999999999999998
openrouter/deepseek/deepseek-chat,tom_12dim_freeresponse,2026-07-14T19:25:59+00:00,file:///Users/Naiti/Documents/Documents_NBMacBookPro/2026/DevToM/devtom-openrouter/logs/2026-07-14T19-25-59-00-00_tom-12dim-freeresponse_FgfhuBUd87XTDCUEGkNHUp.eval,Sarcasm,Pragmatic understanding,1.0,0.0
openrouter/deepseek/deepseek-chat,tom_12dim_freeresponse,2026-07-14T19:25:59+00:00,file:///Users/Naiti/Documents/Documents_NBMacBookPro/2026/DevToM/devtom-openrouter/logs/2026-07-14T19-25-59-00-00_tom-12dim-freeresponse_FgfhuBUd87XTDCUEGkNHUp.eval,Second-Order False Belief,Belief reasoning,0.8,0.19999999999999998
openrouter/deepseek/deepseek-chat,tom_12dim_freeresponse,2026-07-14T19:25:59+00:00,file:///Users/Naiti/Documents/Documents_NBMacBookPro/2026/DevToM/devtom-openrouter/logs/2026-07-14T19-25-59-00-00_tom-12dim-freeresponse_FgfhuBUd87XTDCUEGkNHUp.eval,White Lies / Prosocial Deception,Deception,1.0,0.0
openrouter/deepseek/deepseek-chat-v3-0324,tom_12dim_freeresponse,2026-07-14T19:31:21+00:00,file:///Users/Naiti/Documents/Documents_NBMacBookPro/2026/DevToM/devtom-openrouter/logs/2026-07-14T19-31-21-00-00_tom-12dim-freeresponse_bP9abJh9NqcKP4MsP8MXNq.eval,ALL (overall),ALL (overall),0.9333333333333333,0.03247482002983031
openrouter/deepseek/deepseek-chat-v3-0324,tom_12dim_freeresponse,2026-07-14T19:31:21+00:00,file:///Users/Naiti/Documents/Documents_NBMacBookPro/2026/DevToM/devtom-openrouter/logs/2026-07-14T19-31-21-00-00_tom-12dim-freeresponse_bP9abJh9NqcKP4MsP8MXNq.eval,Diverse Beliefs,Belief reasoning,1.0,0.0
openrouter/deepseek/deepseek-chat-v3-0324,tom_12dim_freeresponse,2026-07-14T19:31:21+00:00,file:///Users/Naiti/Documents/Documents_NBMacBookPro/2026/DevToM/devtom-openrouter/logs/2026-07-14T19-31-21-00-00_tom-12dim-freeresponse_bP9abJh9NqcKP4MsP8MXNq.eval,Diverse Desires,Desire / intention inference,0.8,0.20000000000000004
openrouter/deepseek/deepseek-chat-v3-0324,tom_12dim_freeresponse,2026-07-14T19:31:21+00:00,file:///Users/Naiti/Documents/Documents_NBMacBookPro/2026/DevToM/devtom-openrouter/logs/2026-07-14T19-31-21-00-00_tom-12dim-freeresponse_bP9abJh9NqcKP4MsP8MXNq.eval,Emotion Recognition,Emotion recognition,1.0,0.0
openrouter/deepseek/deepseek-chat-v3-0324,tom_12dim_freeresponse,2026-07-14T19:31:21+00:00,file:///Users/Naiti/Documents/Documents_NBMacBookPro/2026/DevToM/devtom-openrouter/logs/2026-07-14T19-31-21-00-00_tom-12dim-freeresponse_bP9abJh9NqcKP4MsP8MXNq.eval,Faux Pas Detection,Pragmatic understanding,0.6,0.24494897427831783
openrouter/deepseek/deepseek-chat-v3-0324,tom_12dim_freeresponse,2026-07-14T19:31:21+00:00,file:///Users/Naiti/Documents/Documents_NBMacBookPro/2026/DevToM/devtom-openrouter/logs/2026-07-14T19-31-21-00-00_tom-12dim-freeresponse_bP9abJh9NqcKP4MsP8MXNq.eval,First-Order False Belief,Belief reasoning,1.0,0.0
openrouter/deepseek/deepseek-chat-v3-0324,tom_12dim_freeresponse,2026-07-14T19:31:21+00:00,file:///Users/Naiti/Documents/Documents_NBMacBookPro/2026/DevToM/devtom-openrouter/logs/2026-07-14T19-31-21-00-00_tom-12dim-freeresponse_bP9abJh9NqcKP4MsP8MXNq.eval,Hidden Emotion (Appearance vs. Reality),Emotion recognition,1.0,0.0
openrouter/deepseek/deepseek-chat-v3-0324,tom_12dim_freeresponse,2026-07-14T19:31:21+00:00,file:///Users/Naiti/Documents/Documents_NBMacBookPro/2026/DevToM/devtom-openrouter/logs/2026-07-14T19-31-21-00-00_tom-12dim-freeresponse_bP9abJh9NqcKP4MsP8MXNq.eval,Intention vs. Accident,Desire / intention inference,1.0,0.0
openrouter/deepseek/deepseek-chat-v3-0324,tom_12dim_freeresponse,2026-07-14T19:31:21+00:00,file:///Users/Naiti/Documents/Documents_NBMacBookPro/2026/DevToM/devtom-openrouter/logs/2026-07-14T19-31-21-00-00_tom-12dim-freeresponse_bP9abJh9NqcKP4MsP8MXNq.eval,Irony,Pragmatic understanding,1.0,0.0
openrouter/deepseek/deepseek-chat-v3-0324,tom_12dim_freeresponse,2026-07-14T19:31:21+00:00,file:///Users/Naiti/Documents/Documents_NBMacBookPro/2026/DevToM/devtom-openrouter/logs/2026-07-14T19-31-21-00-00_tom-12dim-freeresponse_bP9abJh9NqcKP4MsP8MXNq.eval,Knowledge Access / Ignorance,Knowledge access,1.0,0.0
openrouter/deepseek/deepseek-chat-v3-0324,tom_12dim_freeresponse,2026-07-14T19:31:21+00:00,file:///Users/Naiti/Documents/Documents_NBMacBookPro/2026/DevToM/devtom-openrouter/logs/2026-07-14T19-31-21-00-00_tom-12dim-freeresponse_bP9abJh9NqcKP4MsP8MXNq.eval,Sarcasm,Pragmatic understanding,1.0,0.0
openrouter/deepseek/deepseek-chat-v3-0324,tom_12dim_freeresponse,2026-07-14T19:31:21+00:00,file:///Users/Naiti/Documents/Documents_NBMacBookPro/2026/DevToM/devtom-openrouter/logs/2026-07-14T19-31-21-00-00_tom-12dim-freeresponse_bP9abJh9NqcKP4MsP8MXNq.eval,Second-Order False Belief,Belief reasoning,0.8,0.19999999999999998
openrouter/deepseek/deepseek-chat-v3-0324,tom_12dim_freeresponse,2026-07-14T19:31:21+00:00,file:///Users/Naiti/Documents/Documents_NBMacBookPro/2026/DevToM/devtom-openrouter/logs/2026-07-14T19-31-21-00-00_tom-12dim-freeresponse_bP9abJh9NqcKP4MsP8MXNq.eval,White Lies / Prosocial Deception,Deception,1.0,0.0
openrouter/deepseek/deepseek-r1,tom_12dim_freeresponse,2026-07-14T19:26:19+00:00,file:///Users/Naiti/Documents/Documents_NBMacBookPro/2026/DevToM/devtom-openrouter/logs/2026-07-14T19-26-19-00-00_tom-12dim-freeresponse_GfrBSE9xMdLmiNzd7PTptS.eval,ALL (overall),ALL (overall),0.9,0.03905667329424715
openrouter/deepseek/deepseek-r1,tom_12dim_freeresponse,2026-07-14T19:26:19+00:00,file:///Users/Naiti/Documents/Documents_NBMacBookPro/2026/DevToM/devtom-openrouter/logs/2026-07-14T19-26-19-00-00_tom-12dim-freeresponse_GfrBSE9xMdLmiNzd7PTptS.eval,Diverse Beliefs,Belief reasoning,1.0,0.0
openrouter/deepseek/deepseek-r1,tom_12dim_freeresponse,2026-07-14T19:26:19+00:00,file:///Users/Naiti/Documents/Documents_NBMacBookPro/2026/DevToM/devtom-openrouter/logs/2026-07-14T19-26-19-00-00_tom-12dim-freeresponse_GfrBSE9xMdLmiNzd7PTptS.eval,Diverse Desires,Desire / intention inference,0.8,0.20000000000000004
openrouter/deepseek/deepseek-r1,tom_12dim_freeresponse,2026-07-14T19:26:19+00:00,file:///Users/Naiti/Documents/Documents_NBMacBookPro/2026/DevToM/devtom-openrouter/logs/2026-07-14T19-26-19-00-00_tom-12dim-freeresponse_GfrBSE9xMdLmiNzd7PTptS.eval,Emotion Recognition,Emotion recognition,1.0,0.0
openrouter/deepseek/deepseek-r1,tom_12dim_freeresponse,2026-07-14T19:26:19+00:00,file:///Users/Naiti/Documents/Documents_NBMacBookPro/2026/DevToM/devtom-openrouter/logs/2026-07-14T19-26-19-00-00_tom-12dim-freeresponse_GfrBSE9xMdLmiNzd7PTptS.eval,Faux Pas Detection,Pragmatic understanding,0.6,0.24494897427831783
openrouter/deepseek/deepseek-r1,tom_12dim_freeresponse,2026-07-14T19:26:19+00:00,file:///Users/Naiti/Documents/Documents_NBMacBookPro/2026/DevToM/devtom-openrouter/logs/2026-07-14T19-26-19-00-00_tom-12dim-freeresponse_GfrBSE9xMdLmiNzd7PTptS.eval,First-Order False Belief,Belief reasoning,0.8,0.19999999999999998
openrouter/deepseek/deepseek-r1,tom_12dim_freeresponse,2026-07-14T19:26:19+00:00,file:///Users/Naiti/Documents/Documents_NBMacBookPro/2026/DevToM/devtom-openrouter/logs/2026-07-14T19-26-19-00-00_tom-12dim-freeresponse_GfrBSE9xMdLmiNzd7PTptS.eval,Hidden Emotion (Appearance vs. Reality),Emotion recognition,0.8,0.20000000000000004
openrouter/deepseek/deepseek-r1,tom_12dim_freeresponse,2026-07-14T19:26:19+00:00,file:///Users/Naiti/Documents/Documents_NBMacBookPro/2026/DevToM/devtom-openrouter/logs/2026-07-14T19-26-19-00-00_tom-12dim-freeresponse_GfrBSE9xMdLmiNzd7PTptS.eval,Intention vs. Accident,Desire / intention inference,1.0,0.0
openrouter/deepseek/deepseek-r1,tom_12dim_freeresponse,2026-07-14T19:26:19+00:00,file:///Users/Naiti/Documents/Documents_NBMacBookPro/2026/DevToM/devtom-openrouter/logs/2026-07-14T19-26-19-00-00_tom-12dim-freeresponse_GfrBSE9xMdLmiNzd7PTptS.eval,Irony,Pragmatic understanding,1.0,0.0
openrouter/deepseek/deepseek-r1,tom_12dim_freeresponse,2026-07-14T19:26:19+00:00,file:///Users/Naiti/Documents/Documents_NBMacBookPro/2026/DevToM/devtom-openrouter/logs/2026-07-14T19-26-19-00-00_tom-12dim-freeresponse_GfrBSE9xMdLmiNzd7PTptS.eval,Knowledge Access / Ignorance,Knowledge access,1.0,0.0
openrouter/deepseek/deepseek-r1,tom_12dim_freeresponse,2026-07-14T19:26:19+00:00,file:///Users/Naiti/Documents/Documents_NBMacBookPro/2026/DevToM/devtom-openrouter/logs/2026-07-14T19-26-19-00-00_tom-12dim-freeresponse_GfrBSE9xMdLmiNzd7PTptS.eval,Sarcasm,Pragmatic understanding,1.0,0.0
openrouter/deepseek/deepseek-r1,tom_12dim_freeresponse,2026-07-14T19:26:19+00:00,file:///Users/Naiti/Documents/Documents_NBMacBookPro/2026/DevToM/devtom-openrouter/logs/2026-07-14T19-26-19-00-00_tom-12dim-freeresponse_GfrBSE9xMdLmiNzd7PTptS.eval,Second-Order False Belief,Belief reasoning,0.8,0.19999999999999998
openrouter/deepseek/deepseek-r1,tom_12dim_freeresponse,2026-07-14T19:26:19+00:00,file:///Users/Naiti/Documents/Documents_NBMacBookPro/2026/DevToM/devtom-openrouter/logs/2026-07-14T19-26-19-00-00_tom-12dim-freeresponse_GfrBSE9xMdLmiNzd7PTptS.eval,White Lies / Prosocial Deception,Deception,1.0,0.0
openrouter/deepseek/deepseek-r1-0528,tom_12dim_freeresponse,2026-07-14T19:36:43+00:00,file:///Users/Naiti/Documents/Documents_NBMacBookPro/2026/DevToM/devtom-openrouter/logs/2026-07-14T19-36-43-00-00_tom-12dim-freeresponse_GKJmms8zgoH8jfLYPWBgbZ.eval,ALL (overall),ALL (overall),0.9333333333333333,0.03247482002983031
openrouter/deepseek/deepseek-r1-0528,tom_12dim_freeresponse,2026-07-14T19:36:43+00:00,file:///Users/Naiti/Documents/Documents_NBMacBookPro/2026/DevToM/devtom-openrouter/logs/2026-07-14T19-36-43-00-00_tom-12dim-freeresponse_GKJmms8zgoH8jfLYPWBgbZ.eval,Diverse Beliefs,Belief reasoning,1.0,0.0
openrouter/deepseek/deepseek-r1-0528,tom_12dim_freeresponse,2026-07-14T19:36:43+00:00,file:///Users/Naiti/Documents/Documents_NBMacBookPro/2026/DevToM/devtom-openrouter/logs/2026-07-14T19-36-43-00-00_tom-12dim-freeresponse_GKJmms8zgoH8jfLYPWBgbZ.eval,Diverse Desires,Desire / intention inference,0.8,0.20000000000000004
openrouter/deepseek/deepseek-r1-0528,tom_12dim_freeresponse,2026-07-14T19:36:43+00:00,file:///Users/Naiti/Documents/Documents_NBMacBookPro/2026/DevToM/devtom-openrouter/logs/2026-07-14T19-36-43-00-00_tom-12dim-freeresponse_GKJmms8zgoH8jfLYPWBgbZ.eval,Emotion Recognition,Emotion recognition,1.0,0.0
openrouter/deepseek/deepseek-r1-0528,tom_12dim_freeresponse,2026-07-14T19:36:43+00:00,file:///Users/Naiti/Documents/Documents_NBMacBookPro/2026/DevToM/devtom-openrouter/logs/2026-07-14T19-36-43-00-00_tom-12dim-freeresponse_GKJmms8zgoH8jfLYPWBgbZ.eval,Faux Pas Detection,Pragmatic understanding,0.6,0.24494897427831783
openrouter/deepseek/deepseek-r1-0528,tom_12dim_freeresponse,2026-07-14T19:36:43+00:00,file:///Users/Naiti/Documents/Documents_NBMacBookPro/2026/DevToM/devtom-openrouter/logs/2026-07-14T19-36-43-00-00_tom-12dim-freeresponse_GKJmms8zgoH8jfLYPWBgbZ.eval,First-Order False Belief,Belief reasoning,1.0,0.0
openrouter/deepseek/deepseek-r1-0528,tom_12dim_freeresponse,2026-07-14T19:36:43+00:00,file:///Users/Naiti/Documents/Documents_NBMacBookPro/2026/DevToM/devtom-openrouter/logs/2026-07-14T19-36-43-00-00_tom-12dim-freeresponse_GKJmms8zgoH8jfLYPWBgbZ.eval,Hidden Emotion (Appearance vs. Reality),Emotion recognition,1.0,0.0
openrouter/deepseek/deepseek-r1-0528,tom_12dim_freeresponse,2026-07-14T19:36:43+00:00,file:///Users/Naiti/Documents/Documents_NBMacBookPro/2026/DevToM/devtom-openrouter/logs/2026-07-14T19-36-43-00-00_tom-12dim-freeresponse_GKJmms8zgoH8jfLYPWBgbZ.eval,Intention vs. Accident,Desire / intention inference,1.0,0.0
openrouter/deepseek/deepseek-r1-0528,tom_12dim_freeresponse,2026-07-14T19:36:43+00:00,file:///Users/Naiti/Documents/Documents_NBMacBookPro/2026/DevToM/devtom-openrouter/logs/2026-07-14T19-36-43-00-00_tom-12dim-freeresponse_GKJmms8zgoH8jfLYPWBgbZ.eval,Irony,Pragmatic understanding,1.0,0.0
openrouter/deepseek/deepseek-r1-0528,tom_12dim_freeresponse,2026-07-14T19:36:43+00:00,file:///Users/Naiti/Documents/Documents_NBMacBookPro/2026/DevToM/devtom-openrouter/logs/2026-07-14T19-36-43-00-00_tom-12dim-freeresponse_GKJmms8zgoH8jfLYPWBgbZ.eval,Knowledge Access / Ignorance,Knowledge access,1.0,0.0
openrouter/deepseek/deepseek-r1-0528,tom_12dim_freeresponse,2026-07-14T19:36:43+00:00,file:///Users/Naiti/Documents/Documents_NBMacBookPro/2026/DevToM/devtom-openrouter/logs/2026-07-14T19-36-43-00-00_tom-12dim-freeresponse_GKJmms8zgoH8jfLYPWBgbZ.eval,Sarcasm,Pragmatic understanding,1.0,0.0
openrouter/deepseek/deepseek-r1-0528,tom_12dim_freeresponse,2026-07-14T19:36:43+00:00,file:///Users/Naiti/Documents/Documents_NBMacBookPro/2026/DevToM/devtom-openrouter/logs/2026-07-14T19-36-43-00-00_tom-12dim-freeresponse_GKJmms8zgoH8jfLYPWBgbZ.eval,Second-Order False Belief,Belief reasoning,0.8,0.20000000000000004
openrouter/deepseek/deepseek-r1-0528,tom_12dim_freeresponse,2026-07-14T19:36:43+00:00,file:///Users/Naiti/Documents/Documents_NBMacBookPro/2026/DevToM/devtom-openrouter/logs/2026-07-14T19-36-43-00-00_tom-12dim-freeresponse_GKJmms8zgoH8jfLYPWBgbZ.eval,White Lies / Prosocial Deception,Deception,1.0,0.0
openrouter/google/gemma-2-27b-it,tom_12dim_freeresponse,2026-07-14T19:11:12+00:00,file:///Users/Naiti/Documents/Documents_NBMacBookPro/2026/DevToM/devtom-openrouter/logs/2026-07-14T19-11-12-00-00_tom-12dim-freeresponse_EazPNEd5eRA2xAZdz2E7ra.eval,ALL (overall),ALL (overall),0.7666666666666667,0.05506373639622878
openrouter/google/gemma-2-27b-it,tom_12dim_freeresponse,2026-07-14T19:11:12+00:00,file:///Users/Naiti/Documents/Documents_NBMacBookPro/2026/DevToM/devtom-openrouter/logs/2026-07-14T19-11-12-00-00_tom-12dim-freeresponse_EazPNEd5eRA2xAZdz2E7ra.eval,Diverse Beliefs,Belief reasoning,0.8,0.19999999999999998
openrouter/google/gemma-2-27b-it,tom_12dim_freeresponse,2026-07-14T19:11:12+00:00,file:///Users/Naiti/Documents/Documents_NBMacBookPro/2026/DevToM/devtom-openrouter/logs/2026-07-14T19-11-12-00-00_tom-12dim-freeresponse_EazPNEd5eRA2xAZdz2E7ra.eval,Diverse Desires,Desire / intention inference,0.8,0.20000000000000004
openrouter/google/gemma-2-27b-it,tom_12dim_freeresponse,2026-07-14T19:11:12+00:00,file:///Users/Naiti/Documents/Documents_NBMacBookPro/2026/DevToM/devtom-openrouter/logs/2026-07-14T19-11-12-00-00_tom-12dim-freeresponse_EazPNEd5eRA2xAZdz2E7ra.eval,Emotion Recognition,Emotion recognition,1.0,0.0
openrouter/google/gemma-2-27b-it,tom_12dim_freeresponse,2026-07-14T19:11:12+00:00,file:///Users/Naiti/Documents/Documents_NBMacBookPro/2026/DevToM/devtom-openrouter/logs/2026-07-14T19-11-12-00-00_tom-12dim-freeresponse_EazPNEd5eRA2xAZdz2E7ra.eval,Faux Pas Detection,Pragmatic understanding,0.4,0.24494897427831783
openrouter/google/gemma-2-27b-it,tom_12dim_freeresponse,2026-07-14T19:11:12+00:00,file:///Users/Naiti/Documents/Documents_NBMacBookPro/2026/DevToM/devtom-openrouter/logs/2026-07-14T19-11-12-00-00_tom-12dim-freeresponse_EazPNEd5eRA2xAZdz2E7ra.eval,First-Order False Belief,Belief reasoning,0.6,0.24494897427831783
openrouter/google/gemma-2-27b-it,tom_12dim_freeresponse,2026-07-14T19:11:12+00:00,file:///Users/Naiti/Documents/Documents_NBMacBookPro/2026/DevToM/devtom-openrouter/logs/2026-07-14T19-11-12-00-00_tom-12dim-freeresponse_EazPNEd5eRA2xAZdz2E7ra.eval,Hidden Emotion (Appearance vs. Reality),Emotion recognition,0.8,0.20000000000000004
openrouter/google/gemma-2-27b-it,tom_12dim_freeresponse,2026-07-14T19:11:12+00:00,file:///Users/Naiti/Documents/Documents_NBMacBookPro/2026/DevToM/devtom-openrouter/logs/2026-07-14T19-11-12-00-00_tom-12dim-freeresponse_EazPNEd5eRA2xAZdz2E7ra.eval,Intention vs. Accident,Desire / intention inference,0.8,0.20000000000000004
openrouter/google/gemma-2-27b-it,tom_12dim_freeresponse,2026-07-14T19:11:12+00:00,file:///Users/Naiti/Documents/Documents_NBMacBookPro/2026/DevToM/devtom-openrouter/logs/2026-07-14T19-11-12-00-00_tom-12dim-freeresponse_EazPNEd5eRA2xAZdz2E7ra.eval,Irony,Pragmatic understanding,1.0,0.0
openrouter/google/gemma-2-27b-it,tom_12dim_freeresponse,2026-07-14T19:11:12+00:00,file:///Users/Naiti/Documents/Documents_NBMacBookPro/2026/DevToM/devtom-openrouter/logs/2026-07-14T19-11-12-00-00_tom-12dim-freeresponse_EazPNEd5eRA2xAZdz2E7ra.eval,Knowledge Access / Ignorance,Knowledge access,1.0,0.0
openrouter/google/gemma-2-27b-it,tom_12dim_freeresponse,2026-07-14T19:11:12+00:00,file:///Users/Naiti/Documents/Documents_NBMacBookPro/2026/DevToM/devtom-openrouter/logs/2026-07-14T19-11-12-00-00_tom-12dim-freeresponse_EazPNEd5eRA2xAZdz2E7ra.eval,Sarcasm,Pragmatic understanding,0.8,0.20000000000000004
openrouter/google/gemma-2-27b-it,tom_12dim_freeresponse,2026-07-14T19:11:12+00:00,file:///Users/Naiti/Documents/Documents_NBMacBookPro/2026/DevToM/devtom-openrouter/logs/2026-07-14T19-11-12-00-00_tom-12dim-freeresponse_EazPNEd5eRA2xAZdz2E7ra.eval,Second-Order False Belief,Belief reasoning,0.4,0.24494897427831783
openrouter/google/gemma-2-27b-it,tom_12dim_freeresponse,2026-07-14T19:11:12+00:00,file:///Users/Naiti/Documents/Documents_NBMacBookPro/2026/DevToM/devtom-openrouter/logs/2026-07-14T19-11-12-00-00_tom-12dim-freeresponse_EazPNEd5eRA2xAZdz2E7ra.eval,White Lies / Prosocial Deception,Deception,0.8,0.19999999999999998
openrouter/google/gemma-3-12b-it,tom_12dim_freeresponse,2026-07-14T19:30:34+00:00,file:///Users/Naiti/Documents/Documents_NBMacBookPro/2026/DevToM/devtom-openrouter/logs/2026-07-14T19-30-34-00-00_tom-12dim-freeresponse_Q8RaYAi3NzXJbPMJecG4Nd.eval,ALL (overall),ALL (overall),0.85,0.046486739497974494
openrouter/google/gemma-3-12b-it,tom_12dim_freeresponse,2026-07-14T19:30:34+00:00,file:///Users/Naiti/Documents/Documents_NBMacBookPro/2026/DevToM/devtom-openrouter/logs/2026-07-14T19-30-34-00-00_tom-12dim-freeresponse_Q8RaYAi3NzXJbPMJecG4Nd.eval,Diverse Beliefs,Belief reasoning,0.8,0.19999999999999998
openrouter/google/gemma-3-12b-it,tom_12dim_freeresponse,2026-07-14T19:30:34+00:00,file:///Users/Naiti/Documents/Documents_NBMacBookPro/2026/DevToM/devtom-openrouter/logs/2026-07-14T19-30-34-00-00_tom-12dim-freeresponse_Q8RaYAi3NzXJbPMJecG4Nd.eval,Diverse Desires,Desire / intention inference,0.8,0.20000000000000004
openrouter/google/gemma-3-12b-it,tom_12dim_freeresponse,2026-07-14T19:30:34+00:00,file:///Users/Naiti/Documents/Documents_NBMacBookPro/2026/DevToM/devtom-openrouter/logs/2026-07-14T19-30-34-00-00_tom-12dim-freeresponse_Q8RaYAi3NzXJbPMJecG4Nd.eval,Emotion Recognition,Emotion recognition,0.8,0.19999999999999998
openrouter/google/gemma-3-12b-it,tom_12dim_freeresponse,2026-07-14T19:30:34+00:00,file:///Users/Naiti/Documents/Documents_NBMacBookPro/2026/DevToM/devtom-openrouter/logs/2026-07-14T19-30-34-00-00_tom-12dim-freeresponse_Q8RaYAi3NzXJbPMJecG4Nd.eval,Faux Pas Detection,Pragmatic understanding,0.6,0.24494897427831783
openrouter/google/gemma-3-12b-it,tom_12dim_freeresponse,2026-07-14T19:30:34+00:00,file:///Users/Naiti/Documents/Documents_NBMacBookPro/2026/DevToM/devtom-openrouter/logs/2026-07-14T19-30-34-00-00_tom-12dim-freeresponse_Q8RaYAi3NzXJbPMJecG4Nd.eval,First-Order False Belief,Belief reasoning,0.8,0.19999999999999998
openrouter/google/gemma-3-12b-it,tom_12dim_freeresponse,2026-07-14T19:30:34+00:00,file:///Users/Naiti/Documents/Documents_NBMacBookPro/2026/DevToM/devtom-openrouter/logs/2026-07-14T19-30-34-00-00_tom-12dim-freeresponse_Q8RaYAi3NzXJbPMJecG4Nd.eval,Hidden Emotion (Appearance vs. Reality),Emotion recognition,1.0,0.0
openrouter/google/gemma-3-12b-it,tom_12dim_freeresponse,2026-07-14T19:30:34+00:00,file:///Users/Naiti/Documents/Documents_NBMacBookPro/2026/DevToM/devtom-openrouter/logs/2026-07-14T19-30-34-00-00_tom-12dim-freeresponse_Q8RaYAi3NzXJbPMJecG4Nd.eval,Intention vs. Accident,Desire / intention inference,1.0,0.0
openrouter/google/gemma-3-12b-it,tom_12dim_freeresponse,2026-07-14T19:30:34+00:00,file:///Users/Naiti/Documents/Documents_NBMacBookPro/2026/DevToM/devtom-openrouter/logs/2026-07-14T19-30-34-00-00_tom-12dim-freeresponse_Q8RaYAi3NzXJbPMJecG4Nd.eval,Irony,Pragmatic understanding,1.0,0.0
openrouter/google/gemma-3-12b-it,tom_12dim_freeresponse,2026-07-14T19:30:34+00:00,file:///Users/Naiti/Documents/Documents_NBMacBookPro/2026/DevToM/devtom-openrouter/logs/2026-07-14T19-30-34-00-00_tom-12dim-freeresponse_Q8RaYAi3NzXJbPMJecG4Nd.eval,Knowledge Access / Ignorance,Knowledge access,0.8,0.19999999999999998
openrouter/google/gemma-3-12b-it,tom_12dim_freeresponse,2026-07-14T19:30:34+00:00,file:///Users/Naiti/Documents/Documents_NBMacBookPro/2026/DevToM/devtom-openrouter/logs/2026-07-14T19-30-34-00-00_tom-12dim-freeresponse_Q8RaYAi3NzXJbPMJecG4Nd.eval,Sarcasm,Pragmatic understanding,1.0,0.0
openrouter/google/gemma-3-12b-it,tom_12dim_freeresponse,2026-07-14T19:30:34+00:00,file:///Users/Naiti/Documents/Documents_NBMacBookPro/2026/DevToM/devtom-openrouter/logs/2026-07-14T19-30-34-00-00_tom-12dim-freeresponse_Q8RaYAi3NzXJbPMJecG4Nd.eval,Second-Order False Belief,Belief reasoning,0.6,0.24494897427831783
openrouter/google/gemma-3-12b-it,tom_12dim_freeresponse,2026-07-14T19:30:34+00:00,file:///Users/Naiti/Documents/Documents_NBMacBookPro/2026/DevToM/devtom-openrouter/logs/2026-07-14T19-30-34-00-00_tom-12dim-freeresponse_Q8RaYAi3NzXJbPMJecG4Nd.eval,White Lies / Prosocial Deception,Deception,1.0,0.0
openrouter/google/gemma-3-27b-it,tom_12dim_freeresponse,2026-07-14T19:30:57+00:00,file:///Users/Naiti/Documents/Documents_NBMacBookPro/2026/DevToM/devtom-openrouter/logs/2026-07-14T19-30-57-00-00_tom-12dim-freeresponse_HZksQmkA87YzKFw4KXjwam.eval,ALL (overall),ALL (overall),0.9,0.039056673294247155
openrouter/google/gemma-3-27b-it,tom_12dim_freeresponse,2026-07-14T19:30:57+00:00,file:///Users/Naiti/Documents/Documents_NBMacBookPro/2026/DevToM/devtom-openrouter/logs/2026-07-14T19-30-57-00-00_tom-12dim-freeresponse_HZksQmkA87YzKFw4KXjwam.eval,Diverse Beliefs,Belief reasoning,1.0,0.0
openrouter/google/gemma-3-27b-it,tom_12dim_freeresponse,2026-07-14T19:30:57+00:00,file:///Users/Naiti/Documents/Documents_NBMacBookPro/2026/DevToM/devtom-openrouter/logs/2026-07-14T19-30-57-00-00_tom-12dim-freeresponse_HZksQmkA87YzKFw4KXjwam.eval,Diverse Desires,Desire / intention inference,0.8,0.20000000000000004
openrouter/google/gemma-3-27b-it,tom_12dim_freeresponse,2026-07-14T19:30:57+00:00,file:///Users/Naiti/Documents/Documents_NBMacBookPro/2026/DevToM/devtom-openrouter/logs/2026-07-14T19-30-57-00-00_tom-12dim-freeresponse_HZksQmkA87YzKFw4KXjwam.eval,Emotion Recognition,Emotion recognition,1.0,0.0
openrouter/google/gemma-3-27b-it,tom_12dim_freeresponse,2026-07-14T19:30:57+00:00,file:///Users/Naiti/Documents/Documents_NBMacBookPro/2026/DevToM/devtom-openrouter/logs/2026-07-14T19-30-57-00-00_tom-12dim-freeresponse_HZksQmkA87YzKFw4KXjwam.eval,Faux Pas Detection,Pragmatic understanding,0.6,0.24494897427831783
openrouter/google/gemma-3-27b-it,tom_12dim_freeresponse,2026-07-14T19:30:57+00:00,file:///Users/Naiti/Documents/Documents_NBMacBookPro/2026/DevToM/devtom-openrouter/logs/2026-07-14T19-30-57-00-00_tom-12dim-freeresponse_HZksQmkA87YzKFw4KXjwam.eval,First-Order False Belief,Belief reasoning,1.0,0.0
openrouter/google/gemma-3-27b-it,tom_12dim_freeresponse,2026-07-14T19:30:57+00:00,file:///Users/Naiti/Documents/Documents_NBMacBookPro/2026/DevToM/devtom-openrouter/logs/2026-07-14T19-30-57-00-00_tom-12dim-freeresponse_HZksQmkA87YzKFw4KXjwam.eval,Hidden Emotion (Appearance vs. Reality),Emotion recognition,1.0,0.0
openrouter/google/gemma-3-27b-it,tom_12dim_freeresponse,2026-07-14T19:30:57+00:00,file:///Users/Naiti/Documents/Documents_NBMacBookPro/2026/DevToM/devtom-openrouter/logs/2026-07-14T19-30-57-00-00_tom-12dim-freeresponse_HZksQmkA87YzKFw4KXjwam.eval,Intention vs. Accident,Desire / intention inference,1.0,0.0
openrouter/google/gemma-3-27b-it,tom_12dim_freeresponse,2026-07-14T19:30:57+00:00,file:///Users/Naiti/Documents/Documents_NBMacBookPro/2026/DevToM/devtom-openrouter/logs/2026-07-14T19-30-57-00-00_tom-12dim-freeresponse_HZksQmkA87YzKFw4KXjwam.eval,Irony,Pragmatic understanding,1.0,0.0
openrouter/google/gemma-3-27b-it,tom_12dim_freeresponse,2026-07-14T19:30:57+00:00,file:///Users/Naiti/Documents/Documents_NBMacBookPro/2026/DevToM/devtom-openrouter/logs/2026-07-14T19-30-57-00-00_tom-12dim-freeresponse_HZksQmkA87YzKFw4KXjwam.eval,Knowledge Access / Ignorance,Knowledge access,0.6,0.24494897427831783
openrouter/google/gemma-3-27b-it,tom_12dim_freeresponse,2026-07-14T19:30:57+00:00,file:///Users/Naiti/Documents/Documents_NBMacBookPro/2026/DevToM/devtom-openrouter/logs/2026-07-14T19-30-57-00-00_tom-12dim-freeresponse_HZksQmkA87YzKFw4KXjwam.eval,Sarcasm,Pragmatic understanding,1.0,0.0
openrouter/google/gemma-3-27b-it,tom_12dim_freeresponse,2026-07-14T19:30:57+00:00,file:///Users/Naiti/Documents/Documents_NBMacBookPro/2026/DevToM/devtom-openrouter/logs/2026-07-14T19-30-57-00-00_tom-12dim-freeresponse_HZksQmkA87YzKFw4KXjwam.eval,Second-Order False Belief,Belief reasoning,0.8,0.20000000000000004
openrouter/google/gemma-3-27b-it,tom_12dim_freeresponse,2026-07-14T19:30:57+00:00,file:///Users/Naiti/Documents/Documents_NBMacBookPro/2026/DevToM/devtom-openrouter/logs/2026-07-14T19-30-57-00-00_tom-12dim-freeresponse_HZksQmkA87YzKFw4KXjwam.eval,White Lies / Prosocial Deception,Deception,1.0,0.0
openrouter/google/gemma-3-4b-it,tom_12dim_freeresponse,2026-07-14T19:30:06+00:00,file:///Users/Naiti/Documents/Documents_NBMacBookPro/2026/DevToM/devtom-openrouter/logs/2026-07-14T19-30-06-00-00_tom-12dim-freeresponse_AieGrF9GXfMUeM9eKuCwEV.eval,ALL (overall),ALL (overall),0.7666666666666667,0.05506373639622878
openrouter/google/gemma-3-4b-it,tom_12dim_freeresponse,2026-07-14T19:30:06+00:00,file:///Users/Naiti/Documents/Documents_NBMacBookPro/2026/DevToM/devtom-openrouter/logs/2026-07-14T19-30-06-00-00_tom-12dim-freeresponse_AieGrF9GXfMUeM9eKuCwEV.eval,Diverse Beliefs,Belief reasoning,1.0,0.0
openrouter/google/gemma-3-4b-it,tom_12dim_freeresponse,2026-07-14T19:30:06+00:00,file:///Users/Naiti/Documents/Documents_NBMacBookPro/2026/DevToM/devtom-openrouter/logs/2026-07-14T19-30-06-00-00_tom-12dim-freeresponse_AieGrF9GXfMUeM9eKuCwEV.eval,Diverse Desires,Desire / intention inference,0.8,0.20000000000000004
openrouter/google/gemma-3-4b-it,tom_12dim_freeresponse,2026-07-14T19:30:06+00:00,file:///Users/Naiti/Documents/Documents_NBMacBookPro/2026/DevToM/devtom-openrouter/logs/2026-07-14T19-30-06-00-00_tom-12dim-freeresponse_AieGrF9GXfMUeM9eKuCwEV.eval,Emotion Recognition,Emotion recognition,1.0,0.0
openrouter/google/gemma-3-4b-it,tom_12dim_freeresponse,2026-07-14T19:30:06+00:00,file:///Users/Naiti/Documents/Documents_NBMacBookPro/2026/DevToM/devtom-openrouter/logs/2026-07-14T19-30-06-00-00_tom-12dim-freeresponse_AieGrF9GXfMUeM9eKuCwEV.eval,Faux Pas Detection,Pragmatic understanding,0.6,0.24494897427831783
openrouter/google/gemma-3-4b-it,tom_12dim_freeresponse,2026-07-14T19:30:06+00:00,file:///Users/Naiti/Documents/Documents_NBMacBookPro/2026/DevToM/devtom-openrouter/logs/2026-07-14T19-30-06-00-00_tom-12dim-freeresponse_AieGrF9GXfMUeM9eKuCwEV.eval,First-Order False Belief,Belief reasoning,0.2,0.20000000000000004
openrouter/google/gemma-3-4b-it,tom_12dim_freeresponse,2026-07-14T19:30:06+00:00,file:///Users/Naiti/Documents/Documents_NBMacBookPro/2026/DevToM/devtom-openrouter/logs/2026-07-14T19-30-06-00-00_tom-12dim-freeresponse_AieGrF9GXfMUeM9eKuCwEV.eval,Hidden Emotion (Appearance vs. Reality),Emotion recognition,1.0,0.0
openrouter/google/gemma-3-4b-it,tom_12dim_freeresponse,2026-07-14T19:30:06+00:00,file:///Users/Naiti/Documents/Documents_NBMacBookPro/2026/DevToM/devtom-openrouter/logs/2026-07-14T19-30-06-00-00_tom-12dim-freeresponse_AieGrF9GXfMUeM9eKuCwEV.eval,Intention vs. Accident,Desire / intention inference,1.0,0.0
openrouter/google/gemma-3-4b-it,tom_12dim_freeresponse,2026-07-14T19:30:06+00:00,file:///Users/Naiti/Documents/Documents_NBMacBookPro/2026/DevToM/devtom-openrouter/logs/2026-07-14T19-30-06-00-00_tom-12dim-freeresponse_AieGrF9GXfMUeM9eKuCwEV.eval,Irony,Pragmatic understanding,1.0,0.0
openrouter/google/gemma-3-4b-it,tom_12dim_freeresponse,2026-07-14T19:30:06+00:00,file:///Users/Naiti/Documents/Documents_NBMacBookPro/2026/DevToM/devtom-openrouter/logs/2026-07-14T19-30-06-00-00_tom-12dim-freeresponse_AieGrF9GXfMUeM9eKuCwEV.eval,Knowledge Access / Ignorance,Knowledge access,0.6,0.24494897427831783
openrouter/google/gemma-3-4b-it,tom_12dim_freeresponse,2026-07-14T19:30:06+00:00,file:///Users/Naiti/Documents/Documents_NBMacBookPro/2026/DevToM/devtom-openrouter/logs/2026-07-14T19-30-06-00-00_tom-12dim-freeresponse_AieGrF9GXfMUeM9eKuCwEV.eval,Sarcasm,Pragmatic understanding,0.8,0.19999999999999998
openrouter/google/gemma-3-4b-it,tom_12dim_freeresponse,2026-07-14T19:30:06+00:00,file:///Users/Naiti/Documents/Documents_NBMacBookPro/2026/DevToM/devtom-openrouter/logs/2026-07-14T19-30-06-00-00_tom-12dim-freeresponse_AieGrF9GXfMUeM9eKuCwEV.eval,Second-Order False Belief,Belief reasoning,0.6,0.24494897427831783
openrouter/google/gemma-3-4b-it,tom_12dim_freeresponse,2026-07-14T19:30:06+00:00,file:///Users/Naiti/Documents/Documents_NBMacBookPro/2026/DevToM/devtom-openrouter/logs/2026-07-14T19-30-06-00-00_tom-12dim-freeresponse_AieGrF9GXfMUeM9eKuCwEV.eval,White Lies / Prosocial Deception,Deception,0.6,0.24494897427831783
openrouter/meta-llama/llama-3.1-70b-instruct,tom_12dim_freeresponse,2026-07-14T19:20:00+00:00,file:///Users/Naiti/Documents/Documents_NBMacBookPro/2026/DevToM/devtom-openrouter/logs/2026-07-14T19-20-00-00-00_tom-12dim-freeresponse_k9N5Q7U9MarudS5jYsMe5d.eval,ALL (overall),ALL (overall),0.7166666666666667,0.05866531842313123
openrouter/meta-llama/llama-3.1-70b-instruct,tom_12dim_freeresponse,2026-07-14T19:20:00+00:00,file:///Users/Naiti/Documents/Documents_NBMacBookPro/2026/DevToM/devtom-openrouter/logs/2026-07-14T19-20-00-00-00_tom-12dim-freeresponse_k9N5Q7U9MarudS5jYsMe5d.eval,Diverse Beliefs,Belief reasoning,0.6,0.24494897427831783
openrouter/meta-llama/llama-3.1-70b-instruct,tom_12dim_freeresponse,2026-07-14T19:20:00+00:00,file:///Users/Naiti/Documents/Documents_NBMacBookPro/2026/DevToM/devtom-openrouter/logs/2026-07-14T19-20-00-00-00_tom-12dim-freeresponse_k9N5Q7U9MarudS5jYsMe5d.eval,Diverse Desires,Desire / intention inference,0.8,0.20000000000000004
openrouter/meta-llama/llama-3.1-70b-instruct,tom_12dim_freeresponse,2026-07-14T19:20:00+00:00,file:///Users/Naiti/Documents/Documents_NBMacBookPro/2026/DevToM/devtom-openrouter/logs/2026-07-14T19-20-00-00-00_tom-12dim-freeresponse_k9N5Q7U9MarudS5jYsMe5d.eval,Emotion Recognition,Emotion recognition,1.0,0.0
openrouter/meta-llama/llama-3.1-70b-instruct,tom_12dim_freeresponse,2026-07-14T19:20:00+00:00,file:///Users/Naiti/Documents/Documents_NBMacBookPro/2026/DevToM/devtom-openrouter/logs/2026-07-14T19-20-00-00-00_tom-12dim-freeresponse_k9N5Q7U9MarudS5jYsMe5d.eval,Faux Pas Detection,Pragmatic understanding,0.2,0.2
openrouter/meta-llama/llama-3.1-70b-instruct,tom_12dim_freeresponse,2026-07-14T19:20:00+00:00,file:///Users/Naiti/Documents/Documents_NBMacBookPro/2026/DevToM/devtom-openrouter/logs/2026-07-14T19-20-00-00-00_tom-12dim-freeresponse_k9N5Q7U9MarudS5jYsMe5d.eval,First-Order False Belief,Belief reasoning,0.8,0.20000000000000004
openrouter/meta-llama/llama-3.1-70b-instruct,tom_12dim_freeresponse,2026-07-14T19:20:00+00:00,file:///Users/Naiti/Documents/Documents_NBMacBookPro/2026/DevToM/devtom-openrouter/logs/2026-07-14T19-20-00-00-00_tom-12dim-freeresponse_k9N5Q7U9MarudS5jYsMe5d.eval,Hidden Emotion (Appearance vs. Reality),Emotion recognition,0.8,0.20000000000000004
openrouter/meta-llama/llama-3.1-70b-instruct,tom_12dim_freeresponse,2026-07-14T19:20:00+00:00,file:///Users/Naiti/Documents/Documents_NBMacBookPro/2026/DevToM/devtom-openrouter/logs/2026-07-14T19-20-00-00-00_tom-12dim-freeresponse_k9N5Q7U9MarudS5jYsMe5d.eval,Intention vs. Accident,Desire / intention inference,0.8,0.20000000000000004
openrouter/meta-llama/llama-3.1-70b-instruct,tom_12dim_freeresponse,2026-07-14T19:20:00+00:00,file:///Users/Naiti/Documents/Documents_NBMacBookPro/2026/DevToM/devtom-openrouter/logs/2026-07-14T19-20-00-00-00_tom-12dim-freeresponse_k9N5Q7U9MarudS5jYsMe5d.eval,Irony,Pragmatic understanding,1.0,0.0
openrouter/meta-llama/llama-3.1-70b-instruct,tom_12dim_freeresponse,2026-07-14T19:20:00+00:00,file:///Users/Naiti/Documents/Documents_NBMacBookPro/2026/DevToM/devtom-openrouter/logs/2026-07-14T19-20-00-00-00_tom-12dim-freeresponse_k9N5Q7U9MarudS5jYsMe5d.eval,Knowledge Access / Ignorance,Knowledge access,0.6,0.24494897427831783
openrouter/meta-llama/llama-3.1-70b-instruct,tom_12dim_freeresponse,2026-07-14T19:20:00+00:00,file:///Users/Naiti/Documents/Documents_NBMacBookPro/2026/DevToM/devtom-openrouter/logs/2026-07-14T19-20-00-00-00_tom-12dim-freeresponse_k9N5Q7U9MarudS5jYsMe5d.eval,Sarcasm,Pragmatic understanding,1.0,0.0
openrouter/meta-llama/llama-3.1-70b-instruct,tom_12dim_freeresponse,2026-07-14T19:20:00+00:00,file:///Users/Naiti/Documents/Documents_NBMacBookPro/2026/DevToM/devtom-openrouter/logs/2026-07-14T19-20-00-00-00_tom-12dim-freeresponse_k9N5Q7U9MarudS5jYsMe5d.eval,Second-Order False Belief,Belief reasoning,0.4,0.24494897427831783
openrouter/meta-llama/llama-3.1-70b-instruct,tom_12dim_freeresponse,2026-07-14T19:20:00+00:00,file:///Users/Naiti/Documents/Documents_NBMacBookPro/2026/DevToM/devtom-openrouter/logs/2026-07-14T19-20-00-00-00_tom-12dim-freeresponse_k9N5Q7U9MarudS5jYsMe5d.eval,White Lies / Prosocial Deception,Deception,0.6,0.24494897427831783
openrouter/meta-llama/llama-3.1-8b-instruct,tom_12dim_freeresponse,2026-07-14T19:17:51+00:00,file:///Users/Naiti/Documents/Documents_NBMacBookPro/2026/DevToM/devtom-openrouter/logs/2026-07-14T19-17-51-00-00_tom-12dim-freeresponse_dNa6uhcvk78J6VVrAzAuSH.eval,ALL (overall),ALL (overall),0.5333333333333333,0.06494964005966064
openrouter/meta-llama/llama-3.1-8b-instruct,tom_12dim_freeresponse,2026-07-14T19:17:51+00:00,file:///Users/Naiti/Documents/Documents_NBMacBookPro/2026/DevToM/devtom-openrouter/logs/2026-07-14T19-17-51-00-00_tom-12dim-freeresponse_dNa6uhcvk78J6VVrAzAuSH.eval,Diverse Beliefs,Belief reasoning,0.4,0.24494897427831783
openrouter/meta-llama/llama-3.1-8b-instruct,tom_12dim_freeresponse,2026-07-14T19:17:51+00:00,file:///Users/Naiti/Documents/Documents_NBMacBookPro/2026/DevToM/devtom-openrouter/logs/2026-07-14T19-17-51-00-00_tom-12dim-freeresponse_dNa6uhcvk78J6VVrAzAuSH.eval,Diverse Desires,Desire / intention inference,0.6,0.24494897427831783
openrouter/meta-llama/llama-3.1-8b-instruct,tom_12dim_freeresponse,2026-07-14T19:17:51+00:00,file:///Users/Naiti/Documents/Documents_NBMacBookPro/2026/DevToM/devtom-openrouter/logs/2026-07-14T19-17-51-00-00_tom-12dim-freeresponse_dNa6uhcvk78J6VVrAzAuSH.eval,Emotion Recognition,Emotion recognition,0.8,0.19999999999999998
openrouter/meta-llama/llama-3.1-8b-instruct,tom_12dim_freeresponse,2026-07-14T19:17:51+00:00,file:///Users/Naiti/Documents/Documents_NBMacBookPro/2026/DevToM/devtom-openrouter/logs/2026-07-14T19-17-51-00-00_tom-12dim-freeresponse_dNa6uhcvk78J6VVrAzAuSH.eval,Faux Pas Detection,Pragmatic understanding,0.6,0.24494897427831783
openrouter/meta-llama/llama-3.1-8b-instruct,tom_12dim_freeresponse,2026-07-14T19:17:51+00:00,file:///Users/Naiti/Documents/Documents_NBMacBookPro/2026/DevToM/devtom-openrouter/logs/2026-07-14T19-17-51-00-00_tom-12dim-freeresponse_dNa6uhcvk78J6VVrAzAuSH.eval,First-Order False Belief,Belief reasoning,0.2,0.20000000000000004
openrouter/meta-llama/llama-3.1-8b-instruct,tom_12dim_freeresponse,2026-07-14T19:17:51+00:00,file:///Users/Naiti/Documents/Documents_NBMacBookPro/2026/DevToM/devtom-openrouter/logs/2026-07-14T19-17-51-00-00_tom-12dim-freeresponse_dNa6uhcvk78J6VVrAzAuSH.eval,Hidden Emotion (Appearance vs. Reality),Emotion recognition,0.6,0.24494897427831783
openrouter/meta-llama/llama-3.1-8b-instruct,tom_12dim_freeresponse,2026-07-14T19:17:51+00:00,file:///Users/Naiti/Documents/Documents_NBMacBookPro/2026/DevToM/devtom-openrouter/logs/2026-07-14T19-17-51-00-00_tom-12dim-freeresponse_dNa6uhcvk78J6VVrAzAuSH.eval,Intention vs. Accident,Desire / intention inference,0.8,0.20000000000000004
openrouter/meta-llama/llama-3.1-8b-instruct,tom_12dim_freeresponse,2026-07-14T19:17:51+00:00,file:///Users/Naiti/Documents/Documents_NBMacBookPro/2026/DevToM/devtom-openrouter/logs/2026-07-14T19-17-51-00-00_tom-12dim-freeresponse_dNa6uhcvk78J6VVrAzAuSH.eval,Irony,Pragmatic understanding,0.6,0.24494897427831783
openrouter/meta-llama/llama-3.1-8b-instruct,tom_12dim_freeresponse,2026-07-14T19:17:51+00:00,file:///Users/Naiti/Documents/Documents_NBMacBookPro/2026/DevToM/devtom-openrouter/logs/2026-07-14T19-17-51-00-00_tom-12dim-freeresponse_dNa6uhcvk78J6VVrAzAuSH.eval,Knowledge Access / Ignorance,Knowledge access,0.6,0.24494897427831783
openrouter/meta-llama/llama-3.1-8b-instruct,tom_12dim_freeresponse,2026-07-14T19:17:51+00:00,file:///Users/Naiti/Documents/Documents_NBMacBookPro/2026/DevToM/devtom-openrouter/logs/2026-07-14T19-17-51-00-00_tom-12dim-freeresponse_dNa6uhcvk78J6VVrAzAuSH.eval,Sarcasm,Pragmatic understanding,0.6,0.24494897427831783
openrouter/meta-llama/llama-3.1-8b-instruct,tom_12dim_freeresponse,2026-07-14T19:17:51+00:00,file:///Users/Naiti/Documents/Documents_NBMacBookPro/2026/DevToM/devtom-openrouter/logs/2026-07-14T19-17-51-00-00_tom-12dim-freeresponse_dNa6uhcvk78J6VVrAzAuSH.eval,Second-Order False Belief,Belief reasoning,0.2,0.2
openrouter/meta-llama/llama-3.1-8b-instruct,tom_12dim_freeresponse,2026-07-14T19:17:51+00:00,file:///Users/Naiti/Documents/Documents_NBMacBookPro/2026/DevToM/devtom-openrouter/logs/2026-07-14T19-17-51-00-00_tom-12dim-freeresponse_dNa6uhcvk78J6VVrAzAuSH.eval,White Lies / Prosocial Deception,Deception,0.4,0.24494897427831783
openrouter/meta-llama/llama-3.2-3b-instruct,tom_12dim_freeresponse,2026-07-14T19:22:45+00:00,file:///Users/Naiti/Documents/Documents_NBMacBookPro/2026/DevToM/devtom-openrouter/logs/2026-07-14T19-22-45-00-00_tom-12dim-freeresponse_fQLBc6EAdSgSSSyXFoTPmB.eval,ALL (overall),ALL (overall),0.38333333333333336,0.06329764084940143
openrouter/meta-llama/llama-3.2-3b-instruct,tom_12dim_freeresponse,2026-07-14T19:22:45+00:00,file:///Users/Naiti/Documents/Documents_NBMacBookPro/2026/DevToM/devtom-openrouter/logs/2026-07-14T19-22-45-00-00_tom-12dim-freeresponse_fQLBc6EAdSgSSSyXFoTPmB.eval,Diverse Beliefs,Belief reasoning,0.4,0.24494897427831783
openrouter/meta-llama/llama-3.2-3b-instruct,tom_12dim_freeresponse,2026-07-14T19:22:45+00:00,file:///Users/Naiti/Documents/Documents_NBMacBookPro/2026/DevToM/devtom-openrouter/logs/2026-07-14T19-22-45-00-00_tom-12dim-freeresponse_fQLBc6EAdSgSSSyXFoTPmB.eval,Diverse Desires,Desire / intention inference,0.6,0.24494897427831783
openrouter/meta-llama/llama-3.2-3b-instruct,tom_12dim_freeresponse,2026-07-14T19:22:45+00:00,file:///Users/Naiti/Documents/Documents_NBMacBookPro/2026/DevToM/devtom-openrouter/logs/2026-07-14T19-22-45-00-00_tom-12dim-freeresponse_fQLBc6EAdSgSSSyXFoTPmB.eval,Emotion Recognition,Emotion recognition,0.8,0.19999999999999998
openrouter/meta-llama/llama-3.2-3b-instruct,tom_12dim_freeresponse,2026-07-14T19:22:45+00:00,file:///Users/Naiti/Documents/Documents_NBMacBookPro/2026/DevToM/devtom-openrouter/logs/2026-07-14T19-22-45-00-00_tom-12dim-freeresponse_fQLBc6EAdSgSSSyXFoTPmB.eval,Faux Pas Detection,Pragmatic understanding,0.0,0.0
openrouter/meta-llama/llama-3.2-3b-instruct,tom_12dim_freeresponse,2026-07-14T19:22:45+00:00,file:///Users/Naiti/Documents/Documents_NBMacBookPro/2026/DevToM/devtom-openrouter/logs/2026-07-14T19-22-45-00-00_tom-12dim-freeresponse_fQLBc6EAdSgSSSyXFoTPmB.eval,First-Order False Belief,Belief reasoning,0.4,0.24494897427831783
openrouter/meta-llama/llama-3.2-3b-instruct,tom_12dim_freeresponse,2026-07-14T19:22:45+00:00,file:///Users/Naiti/Documents/Documents_NBMacBookPro/2026/DevToM/devtom-openrouter/logs/2026-07-14T19-22-45-00-00_tom-12dim-freeresponse_fQLBc6EAdSgSSSyXFoTPmB.eval,Hidden Emotion (Appearance vs. Reality),Emotion recognition,0.0,0.0
openrouter/meta-llama/llama-3.2-3b-instruct,tom_12dim_freeresponse,2026-07-14T19:22:45+00:00,file:///Users/Naiti/Documents/Documents_NBMacBookPro/2026/DevToM/devtom-openrouter/logs/2026-07-14T19-22-45-00-00_tom-12dim-freeresponse_fQLBc6EAdSgSSSyXFoTPmB.eval,Intention vs. Accident,Desire / intention inference,0.4,0.24494897427831783
openrouter/meta-llama/llama-3.2-3b-instruct,tom_12dim_freeresponse,2026-07-14T19:22:45+00:00,file:///Users/Naiti/Documents/Documents_NBMacBookPro/2026/DevToM/devtom-openrouter/logs/2026-07-14T19-22-45-00-00_tom-12dim-freeresponse_fQLBc6EAdSgSSSyXFoTPmB.eval,Irony,Pragmatic understanding,0.6,0.24494897427831783
openrouter/meta-llama/llama-3.2-3b-instruct,tom_12dim_freeresponse,2026-07-14T19:22:45+00:00,file:///Users/Naiti/Documents/Documents_NBMacBookPro/2026/DevToM/devtom-openrouter/logs/2026-07-14T19-22-45-00-00_tom-12dim-freeresponse_fQLBc6EAdSgSSSyXFoTPmB.eval,Knowledge Access / Ignorance,Knowledge access,0.4,0.24494897427831783
openrouter/meta-llama/llama-3.2-3b-instruct,tom_12dim_freeresponse,2026-07-14T19:22:45+00:00,file:///Users/Naiti/Documents/Documents_NBMacBookPro/2026/DevToM/devtom-openrouter/logs/2026-07-14T19-22-45-00-00_tom-12dim-freeresponse_fQLBc6EAdSgSSSyXFoTPmB.eval,Sarcasm,Pragmatic understanding,0.6,0.24494897427831783
openrouter/meta-llama/llama-3.2-3b-instruct,tom_12dim_freeresponse,2026-07-14T19:22:45+00:00,file:///Users/Naiti/Documents/Documents_NBMacBookPro/2026/DevToM/devtom-openrouter/logs/2026-07-14T19-22-45-00-00_tom-12dim-freeresponse_fQLBc6EAdSgSSSyXFoTPmB.eval,Second-Order False Belief,Belief reasoning,0.0,0.0
openrouter/meta-llama/llama-3.2-3b-instruct,tom_12dim_freeresponse,2026-07-14T19:22:45+00:00,file:///Users/Naiti/Documents/Documents_NBMacBookPro/2026/DevToM/devtom-openrouter/logs/2026-07-14T19-22-45-00-00_tom-12dim-freeresponse_fQLBc6EAdSgSSSyXFoTPmB.eval,White Lies / Prosocial Deception,Deception,0.4,0.24494897427831783
openrouter/meta-llama/llama-3.3-70b-instruct,tom_12dim_freeresponse,2026-07-14T19:24:41+00:00,file:///Users/Naiti/Documents/Documents_NBMacBookPro/2026/DevToM/devtom-openrouter/logs/2026-07-14T19-24-41-00-00_tom-12dim-freeresponse_a5CVxYC35spEubFdvNmJnD.eval,ALL (overall),ALL (overall),0.7333333333333333,0.057571702611783036
openrouter/meta-llama/llama-3.3-70b-instruct,tom_12dim_freeresponse,2026-07-14T19:24:41+00:00,file:///Users/Naiti/Documents/Documents_NBMacBookPro/2026/DevToM/devtom-openrouter/logs/2026-07-14T19-24-41-00-00_tom-12dim-freeresponse_a5CVxYC35spEubFdvNmJnD.eval,Diverse Beliefs,Belief reasoning,0.6,0.24494897427831783
openrouter/meta-llama/llama-3.3-70b-instruct,tom_12dim_freeresponse,2026-07-14T19:24:41+00:00,file:///Users/Naiti/Documents/Documents_NBMacBookPro/2026/DevToM/devtom-openrouter/logs/2026-07-14T19-24-41-00-00_tom-12dim-freeresponse_a5CVxYC35spEubFdvNmJnD.eval,Diverse Desires,Desire / intention inference,0.8,0.20000000000000004
openrouter/meta-llama/llama-3.3-70b-instruct,tom_12dim_freeresponse,2026-07-14T19:24:41+00:00,file:///Users/Naiti/Documents/Documents_NBMacBookPro/2026/DevToM/devtom-openrouter/logs/2026-07-14T19-24-41-00-00_tom-12dim-freeresponse_a5CVxYC35spEubFdvNmJnD.eval,Emotion Recognition,Emotion recognition,0.8,0.19999999999999998
openrouter/meta-llama/llama-3.3-70b-instruct,tom_12dim_freeresponse,2026-07-14T19:24:41+00:00,file:///Users/Naiti/Documents/Documents_NBMacBookPro/2026/DevToM/devtom-openrouter/logs/2026-07-14T19-24-41-00-00_tom-12dim-freeresponse_a5CVxYC35spEubFdvNmJnD.eval,Faux Pas Detection,Pragmatic understanding,0.4,0.24494897427831783
openrouter/meta-llama/llama-3.3-70b-instruct,tom_12dim_freeresponse,2026-07-14T19:24:41+00:00,file:///Users/Naiti/Documents/Documents_NBMacBookPro/2026/DevToM/devtom-openrouter/logs/2026-07-14T19-24-41-00-00_tom-12dim-freeresponse_a5CVxYC35spEubFdvNmJnD.eval,First-Order False Belief,Belief reasoning,0.4,0.24494897427831783
openrouter/meta-llama/llama-3.3-70b-instruct,tom_12dim_freeresponse,2026-07-14T19:24:41+00:00,file:///Users/Naiti/Documents/Documents_NBMacBookPro/2026/DevToM/devtom-openrouter/logs/2026-07-14T19-24-41-00-00_tom-12dim-freeresponse_a5CVxYC35spEubFdvNmJnD.eval,Hidden Emotion (Appearance vs. Reality),Emotion recognition,1.0,0.0
openrouter/meta-llama/llama-3.3-70b-instruct,tom_12dim_freeresponse,2026-07-14T19:24:41+00:00,file:///Users/Naiti/Documents/Documents_NBMacBookPro/2026/DevToM/devtom-openrouter/logs/2026-07-14T19-24-41-00-00_tom-12dim-freeresponse_a5CVxYC35spEubFdvNmJnD.eval,Intention vs. Accident,Desire / intention inference,1.0,0.0
openrouter/meta-llama/llama-3.3-70b-instruct,tom_12dim_freeresponse,2026-07-14T19:24:41+00:00,file:///Users/Naiti/Documents/Documents_NBMacBookPro/2026/DevToM/devtom-openrouter/logs/2026-07-14T19-24-41-00-00_tom-12dim-freeresponse_a5CVxYC35spEubFdvNmJnD.eval,Irony,Pragmatic understanding,1.0,0.0
openrouter/meta-llama/llama-3.3-70b-instruct,tom_12dim_freeresponse,2026-07-14T19:24:41+00:00,file:///Users/Naiti/Documents/Documents_NBMacBookPro/2026/DevToM/devtom-openrouter/logs/2026-07-14T19-24-41-00-00_tom-12dim-freeresponse_a5CVxYC35spEubFdvNmJnD.eval,Knowledge Access / Ignorance,Knowledge access,0.8,0.19999999999999998
openrouter/meta-llama/llama-3.3-70b-instruct,tom_12dim_freeresponse,2026-07-14T19:24:41+00:00,file:///Users/Naiti/Documents/Documents_NBMacBookPro/2026/DevToM/devtom-openrouter/logs/2026-07-14T19-24-41-00-00_tom-12dim-freeresponse_a5CVxYC35spEubFdvNmJnD.eval,Sarcasm,Pragmatic understanding,1.0,0.0
openrouter/meta-llama/llama-3.3-70b-instruct,tom_12dim_freeresponse,2026-07-14T19:24:41+00:00,file:///Users/Naiti/Documents/Documents_NBMacBookPro/2026/DevToM/devtom-openrouter/logs/2026-07-14T19-24-41-00-00_tom-12dim-freeresponse_a5CVxYC35spEubFdvNmJnD.eval,Second-Order False Belief,Belief reasoning,0.4,0.24494897427831783
openrouter/meta-llama/llama-3.3-70b-instruct,tom_12dim_freeresponse,2026-07-14T19:24:41+00:00,file:///Users/Naiti/Documents/Documents_NBMacBookPro/2026/DevToM/devtom-openrouter/logs/2026-07-14T19-24-41-00-00_tom-12dim-freeresponse_a5CVxYC35spEubFdvNmJnD.eval,White Lies / Prosocial Deception,Deception,0.6,0.24494897427831783
openrouter/meta-llama/llama-4-maverick,tom_12dim_freeresponse,2026-07-14T19:34:34+00:00,file:///Users/Naiti/Documents/Documents_NBMacBookPro/2026/DevToM/devtom-openrouter/logs/2026-07-14T19-34-34-00-00_tom-12dim-freeresponse_o8PkPLKHMFBHGzG4ME9U9u.eval,ALL (overall),ALL (overall),0.75,0.05637345210021216
openrouter/meta-llama/llama-4-maverick,tom_12dim_freeresponse,2026-07-14T19:34:34+00:00,file:///Users/Naiti/Documents/Documents_NBMacBookPro/2026/DevToM/devtom-openrouter/logs/2026-07-14T19-34-34-00-00_tom-12dim-freeresponse_o8PkPLKHMFBHGzG4ME9U9u.eval,Diverse Beliefs,Belief reasoning,0.6,0.24494897427831783
openrouter/meta-llama/llama-4-maverick,tom_12dim_freeresponse,2026-07-14T19:34:34+00:00,file:///Users/Naiti/Documents/Documents_NBMacBookPro/2026/DevToM/devtom-openrouter/logs/2026-07-14T19-34-34-00-00_tom-12dim-freeresponse_o8PkPLKHMFBHGzG4ME9U9u.eval,Diverse Desires,Desire / intention inference,0.8,0.20000000000000004
openrouter/meta-llama/llama-4-maverick,tom_12dim_freeresponse,2026-07-14T19:34:34+00:00,file:///Users/Naiti/Documents/Documents_NBMacBookPro/2026/DevToM/devtom-openrouter/logs/2026-07-14T19-34-34-00-00_tom-12dim-freeresponse_o8PkPLKHMFBHGzG4ME9U9u.eval,Emotion Recognition,Emotion recognition,0.8,0.19999999999999998
openrouter/meta-llama/llama-4-maverick,tom_12dim_freeresponse,2026-07-14T19:34:34+00:00,file:///Users/Naiti/Documents/Documents_NBMacBookPro/2026/DevToM/devtom-openrouter/logs/2026-07-14T19-34-34-00-00_tom-12dim-freeresponse_o8PkPLKHMFBHGzG4ME9U9u.eval,Faux Pas Detection,Pragmatic understanding,0.8,0.20000000000000004
openrouter/meta-llama/llama-4-maverick,tom_12dim_freeresponse,2026-07-14T19:34:34+00:00,file:///Users/Naiti/Documents/Documents_NBMacBookPro/2026/DevToM/devtom-openrouter/logs/2026-07-14T19-34-34-00-00_tom-12dim-freeresponse_o8PkPLKHMFBHGzG4ME9U9u.eval,First-Order False Belief,Belief reasoning,0.6,0.24494897427831783
openrouter/meta-llama/llama-4-maverick,tom_12dim_freeresponse,2026-07-14T19:34:34+00:00,file:///Users/Naiti/Documents/Documents_NBMacBookPro/2026/DevToM/devtom-openrouter/logs/2026-07-14T19-34-34-00-00_tom-12dim-freeresponse_o8PkPLKHMFBHGzG4ME9U9u.eval,Hidden Emotion (Appearance vs. Reality),Emotion recognition,1.0,0.0
openrouter/meta-llama/llama-4-maverick,tom_12dim_freeresponse,2026-07-14T19:34:34+00:00,file:///Users/Naiti/Documents/Documents_NBMacBookPro/2026/DevToM/devtom-openrouter/logs/2026-07-14T19-34-34-00-00_tom-12dim-freeresponse_o8PkPLKHMFBHGzG4ME9U9u.eval,Intention vs. Accident,Desire / intention inference,0.6,0.24494897427831783
openrouter/meta-llama/llama-4-maverick,tom_12dim_freeresponse,2026-07-14T19:34:34+00:00,file:///Users/Naiti/Documents/Documents_NBMacBookPro/2026/DevToM/devtom-openrouter/logs/2026-07-14T19-34-34-00-00_tom-12dim-freeresponse_o8PkPLKHMFBHGzG4ME9U9u.eval,Irony,Pragmatic understanding,1.0,0.0
openrouter/meta-llama/llama-4-maverick,tom_12dim_freeresponse,2026-07-14T19:34:34+00:00,file:///Users/Naiti/Documents/Documents_NBMacBookPro/2026/DevToM/devtom-openrouter/logs/2026-07-14T19-34-34-00-00_tom-12dim-freeresponse_o8PkPLKHMFBHGzG4ME9U9u.eval,Knowledge Access / Ignorance,Knowledge access,0.8,0.19999999999999998
openrouter/meta-llama/llama-4-maverick,tom_12dim_freeresponse,2026-07-14T19:34:34+00:00,file:///Users/Naiti/Documents/Documents_NBMacBookPro/2026/DevToM/devtom-openrouter/logs/2026-07-14T19-34-34-00-00_tom-12dim-freeresponse_o8PkPLKHMFBHGzG4ME9U9u.eval,Sarcasm,Pragmatic understanding,1.0,0.0
openrouter/meta-llama/llama-4-maverick,tom_12dim_freeresponse,2026-07-14T19:34:34+00:00,file:///Users/Naiti/Documents/Documents_NBMacBookPro/2026/DevToM/devtom-openrouter/logs/2026-07-14T19-34-34-00-00_tom-12dim-freeresponse_o8PkPLKHMFBHGzG4ME9U9u.eval,Second-Order False Belief,Belief reasoning,0.4,0.24494897427831783
openrouter/meta-llama/llama-4-maverick,tom_12dim_freeresponse,2026-07-14T19:34:34+00:00,file:///Users/Naiti/Documents/Documents_NBMacBookPro/2026/DevToM/devtom-openrouter/logs/2026-07-14T19-34-34-00-00_tom-12dim-freeresponse_o8PkPLKHMFBHGzG4ME9U9u.eval,White Lies / Prosocial Deception,Deception,0.6,0.24494897427831783
openrouter/meta-llama/llama-4-scout,tom_12dim_freeresponse,2026-07-14T19:32:14+00:00,file:///Users/Naiti/Documents/Documents_NBMacBookPro/2026/DevToM/devtom-openrouter/logs/2026-07-14T19-32-14-00-00_tom-12dim-freeresponse_kRoXXVNEyzih3pAyamVKMR.eval,ALL (overall),ALL (overall),0.7166666666666667,0.05866531842313124
openrouter/meta-llama/llama-4-scout,tom_12dim_freeresponse,2026-07-14T19:32:14+00:00,file:///Users/Naiti/Documents/Documents_NBMacBookPro/2026/DevToM/devtom-openrouter/logs/2026-07-14T19-32-14-00-00_tom-12dim-freeresponse_kRoXXVNEyzih3pAyamVKMR.eval,Diverse Beliefs,Belief reasoning,0.6,0.24494897427831783
openrouter/meta-llama/llama-4-scout,tom_12dim_freeresponse,2026-07-14T19:32:14+00:00,file:///Users/Naiti/Documents/Documents_NBMacBookPro/2026/DevToM/devtom-openrouter/logs/2026-07-14T19-32-14-00-00_tom-12dim-freeresponse_kRoXXVNEyzih3pAyamVKMR.eval,Diverse Desires,Desire / intention inference,0.8,0.20000000000000004
openrouter/meta-llama/llama-4-scout,tom_12dim_freeresponse,2026-07-14T19:32:14+00:00,file:///Users/Naiti/Documents/Documents_NBMacBookPro/2026/DevToM/devtom-openrouter/logs/2026-07-14T19-32-14-00-00_tom-12dim-freeresponse_kRoXXVNEyzih3pAyamVKMR.eval,Emotion Recognition,Emotion recognition,0.8,0.19999999999999998
openrouter/meta-llama/llama-4-scout,tom_12dim_freeresponse,2026-07-14T19:32:14+00:00,file:///Users/Naiti/Documents/Documents_NBMacBookPro/2026/DevToM/devtom-openrouter/logs/2026-07-14T19-32-14-00-00_tom-12dim-freeresponse_kRoXXVNEyzih3pAyamVKMR.eval,Faux Pas Detection,Pragmatic understanding,0.4,0.24494897427831783
openrouter/meta-llama/llama-4-scout,tom_12dim_freeresponse,2026-07-14T19:32:14+00:00,file:///Users/Naiti/Documents/Documents_NBMacBookPro/2026/DevToM/devtom-openrouter/logs/2026-07-14T19-32-14-00-00_tom-12dim-freeresponse_kRoXXVNEyzih3pAyamVKMR.eval,First-Order False Belief,Belief reasoning,1.0,0.0
openrouter/meta-llama/llama-4-scout,tom_12dim_freeresponse,2026-07-14T19:32:14+00:00,file:///Users/Naiti/Documents/Documents_NBMacBookPro/2026/DevToM/devtom-openrouter/logs/2026-07-14T19-32-14-00-00_tom-12dim-freeresponse_kRoXXVNEyzih3pAyamVKMR.eval,Hidden Emotion (Appearance vs. Reality),Emotion recognition,0.8,0.19999999999999998
openrouter/meta-llama/llama-4-scout,tom_12dim_freeresponse,2026-07-14T19:32:14+00:00,file:///Users/Naiti/Documents/Documents_NBMacBookPro/2026/DevToM/devtom-openrouter/logs/2026-07-14T19-32-14-00-00_tom-12dim-freeresponse_kRoXXVNEyzih3pAyamVKMR.eval,Intention vs. Accident,Desire / intention inference,0.8,0.20000000000000004
openrouter/meta-llama/llama-4-scout,tom_12dim_freeresponse,2026-07-14T19:32:14+00:00,file:///Users/Naiti/Documents/Documents_NBMacBookPro/2026/DevToM/devtom-openrouter/logs/2026-07-14T19-32-14-00-00_tom-12dim-freeresponse_kRoXXVNEyzih3pAyamVKMR.eval,Irony,Pragmatic understanding,1.0,0.0
openrouter/meta-llama/llama-4-scout,tom_12dim_freeresponse,2026-07-14T19:32:14+00:00,file:///Users/Naiti/Documents/Documents_NBMacBookPro/2026/DevToM/devtom-openrouter/logs/2026-07-14T19-32-14-00-00_tom-12dim-freeresponse_kRoXXVNEyzih3pAyamVKMR.eval,Knowledge Access / Ignorance,Knowledge access,0.4,0.24494897427831783
openrouter/meta-llama/llama-4-scout,tom_12dim_freeresponse,2026-07-14T19:32:14+00:00,file:///Users/Naiti/Documents/Documents_NBMacBookPro/2026/DevToM/devtom-openrouter/logs/2026-07-14T19-32-14-00-00_tom-12dim-freeresponse_kRoXXVNEyzih3pAyamVKMR.eval,Sarcasm,Pragmatic understanding,0.8,0.20000000000000004
openrouter/meta-llama/llama-4-scout,tom_12dim_freeresponse,2026-07-14T19:32:14+00:00,file:///Users/Naiti/Documents/Documents_NBMacBookPro/2026/DevToM/devtom-openrouter/logs/2026-07-14T19-32-14-00-00_tom-12dim-freeresponse_kRoXXVNEyzih3pAyamVKMR.eval,Second-Order False Belief,Belief reasoning,0.4,0.24494897427831783
openrouter/meta-llama/llama-4-scout,tom_12dim_freeresponse,2026-07-14T19:32:14+00:00,file:///Users/Naiti/Documents/Documents_NBMacBookPro/2026/DevToM/devtom-openrouter/logs/2026-07-14T19-32-14-00-00_tom-12dim-freeresponse_kRoXXVNEyzih3pAyamVKMR.eval,White Lies / Prosocial Deception,Deception,0.8,0.20000000000000004
openrouter/mistralai/mistral-small-24b-instruct-2501,tom_12dim_freeresponse,2026-07-14T19:29:39+00:00,file:///Users/Naiti/Documents/Documents_NBMacBookPro/2026/DevToM/devtom-openrouter/logs/2026-07-14T19-29-39-00-00_tom-12dim-freeresponse_Vb9L43jUaUhpaMXT6aXuXG.eval,ALL (overall),ALL (overall),0.7666666666666667,0.05506373639622878
openrouter/mistralai/mistral-small-24b-instruct-2501,tom_12dim_freeresponse,2026-07-14T19:29:39+00:00,file:///Users/Naiti/Documents/Documents_NBMacBookPro/2026/DevToM/devtom-openrouter/logs/2026-07-14T19-29-39-00-00_tom-12dim-freeresponse_Vb9L43jUaUhpaMXT6aXuXG.eval,Diverse Beliefs,Belief reasoning,0.8,0.19999999999999998
openrouter/mistralai/mistral-small-24b-instruct-2501,tom_12dim_freeresponse,2026-07-14T19:29:39+00:00,file:///Users/Naiti/Documents/Documents_NBMacBookPro/2026/DevToM/devtom-openrouter/logs/2026-07-14T19-29-39-00-00_tom-12dim-freeresponse_Vb9L43jUaUhpaMXT6aXuXG.eval,Diverse Desires,Desire / intention inference,0.8,0.20000000000000004
openrouter/mistralai/mistral-small-24b-instruct-2501,tom_12dim_freeresponse,2026-07-14T19:29:39+00:00,file:///Users/Naiti/Documents/Documents_NBMacBookPro/2026/DevToM/devtom-openrouter/logs/2026-07-14T19-29-39-00-00_tom-12dim-freeresponse_Vb9L43jUaUhpaMXT6aXuXG.eval,Emotion Recognition,Emotion recognition,0.8,0.19999999999999998
openrouter/mistralai/mistral-small-24b-instruct-2501,tom_12dim_freeresponse,2026-07-14T19:29:39+00:00,file:///Users/Naiti/Documents/Documents_NBMacBookPro/2026/DevToM/devtom-openrouter/logs/2026-07-14T19-29-39-00-00_tom-12dim-freeresponse_Vb9L43jUaUhpaMXT6aXuXG.eval,Faux Pas Detection,Pragmatic understanding,0.4,0.24494897427831783
openrouter/mistralai/mistral-small-24b-instruct-2501,tom_12dim_freeresponse,2026-07-14T19:29:39+00:00,file:///Users/Naiti/Documents/Documents_NBMacBookPro/2026/DevToM/devtom-openrouter/logs/2026-07-14T19-29-39-00-00_tom-12dim-freeresponse_Vb9L43jUaUhpaMXT6aXuXG.eval,First-Order False Belief,Belief reasoning,0.8,0.19999999999999998
openrouter/mistralai/mistral-small-24b-instruct-2501,tom_12dim_freeresponse,2026-07-14T19:29:39+00:00,file:///Users/Naiti/Documents/Documents_NBMacBookPro/2026/DevToM/devtom-openrouter/logs/2026-07-14T19-29-39-00-00_tom-12dim-freeresponse_Vb9L43jUaUhpaMXT6aXuXG.eval,Hidden Emotion (Appearance vs. Reality),Emotion recognition,1.0,0.0
openrouter/mistralai/mistral-small-24b-instruct-2501,tom_12dim_freeresponse,2026-07-14T19:29:39+00:00,file:///Users/Naiti/Documents/Documents_NBMacBookPro/2026/DevToM/devtom-openrouter/logs/2026-07-14T19-29-39-00-00_tom-12dim-freeresponse_Vb9L43jUaUhpaMXT6aXuXG.eval,Intention vs. Accident,Desire / intention inference,1.0,0.0
openrouter/mistralai/mistral-small-24b-instruct-2501,tom_12dim_freeresponse,2026-07-14T19:29:39+00:00,file:///Users/Naiti/Documents/Documents_NBMacBookPro/2026/DevToM/devtom-openrouter/logs/2026-07-14T19-29-39-00-00_tom-12dim-freeresponse_Vb9L43jUaUhpaMXT6aXuXG.eval,Irony,Pragmatic understanding,1.0,0.0
openrouter/mistralai/mistral-small-24b-instruct-2501,tom_12dim_freeresponse,2026-07-14T19:29:39+00:00,file:///Users/Naiti/Documents/Documents_NBMacBookPro/2026/DevToM/devtom-openrouter/logs/2026-07-14T19-29-39-00-00_tom-12dim-freeresponse_Vb9L43jUaUhpaMXT6aXuXG.eval,Knowledge Access / Ignorance,Knowledge access,1.0,0.0
openrouter/mistralai/mistral-small-24b-instruct-2501,tom_12dim_freeresponse,2026-07-14T19:29:39+00:00,file:///Users/Naiti/Documents/Documents_NBMacBookPro/2026/DevToM/devtom-openrouter/logs/2026-07-14T19-29-39-00-00_tom-12dim-freeresponse_Vb9L43jUaUhpaMXT6aXuXG.eval,Sarcasm,Pragmatic understanding,0.8,0.19999999999999998
openrouter/mistralai/mistral-small-24b-instruct-2501,tom_12dim_freeresponse,2026-07-14T19:29:39+00:00,file:///Users/Naiti/Documents/Documents_NBMacBookPro/2026/DevToM/devtom-openrouter/logs/2026-07-14T19-29-39-00-00_tom-12dim-freeresponse_Vb9L43jUaUhpaMXT6aXuXG.eval,Second-Order False Belief,Belief reasoning,0.4,0.24494897427831783
openrouter/mistralai/mistral-small-24b-instruct-2501,tom_12dim_freeresponse,2026-07-14T19:29:39+00:00,file:///Users/Naiti/Documents/Documents_NBMacBookPro/2026/DevToM/devtom-openrouter/logs/2026-07-14T19-29-39-00-00_tom-12dim-freeresponse_Vb9L43jUaUhpaMXT6aXuXG.eval,White Lies / Prosocial Deception,Deception,0.4,0.24494897427831783
openrouter/mistralai/mistral-small-3.2-24b-instruct,tom_12dim_freeresponse,2026-07-14T19:40:40+00:00,file:///Users/Naiti/Documents/Documents_NBMacBookPro/2026/DevToM/devtom-openrouter/logs/2026-07-14T19-40-40-00-00_tom-12dim-freeresponse_NqiWexxqL54i3MR4MtVSqL.eval,ALL (overall),ALL (overall),0.8833333333333333,0.041793591990281174
openrouter/mistralai/mistral-small-3.2-24b-instruct,tom_12dim_freeresponse,2026-07-14T19:40:40+00:00,file:///Users/Naiti/Documents/Documents_NBMacBookPro/2026/DevToM/devtom-openrouter/logs/2026-07-14T19-40-40-00-00_tom-12dim-freeresponse_NqiWexxqL54i3MR4MtVSqL.eval,Diverse Beliefs,Belief reasoning,1.0,0.0
openrouter/mistralai/mistral-small-3.2-24b-instruct,tom_12dim_freeresponse,2026-07-14T19:40:40+00:00,file:///Users/Naiti/Documents/Documents_NBMacBookPro/2026/DevToM/devtom-openrouter/logs/2026-07-14T19-40-40-00-00_tom-12dim-freeresponse_NqiWexxqL54i3MR4MtVSqL.eval,Diverse Desires,Desire / intention inference,0.8,0.20000000000000004
openrouter/mistralai/mistral-small-3.2-24b-instruct,tom_12dim_freeresponse,2026-07-14T19:40:40+00:00,file:///Users/Naiti/Documents/Documents_NBMacBookPro/2026/DevToM/devtom-openrouter/logs/2026-07-14T19-40-40-00-00_tom-12dim-freeresponse_NqiWexxqL54i3MR4MtVSqL.eval,Emotion Recognition,Emotion recognition,0.8,0.19999999999999998
openrouter/mistralai/mistral-small-3.2-24b-instruct,tom_12dim_freeresponse,2026-07-14T19:40:40+00:00,file:///Users/Naiti/Documents/Documents_NBMacBookPro/2026/DevToM/devtom-openrouter/logs/2026-07-14T19-40-40-00-00_tom-12dim-freeresponse_NqiWexxqL54i3MR4MtVSqL.eval,Faux Pas Detection,Pragmatic understanding,0.6,0.24494897427831783
openrouter/mistralai/mistral-small-3.2-24b-instruct,tom_12dim_freeresponse,2026-07-14T19:40:40+00:00,file:///Users/Naiti/Documents/Documents_NBMacBookPro/2026/DevToM/devtom-openrouter/logs/2026-07-14T19-40-40-00-00_tom-12dim-freeresponse_NqiWexxqL54i3MR4MtVSqL.eval,First-Order False Belief,Belief reasoning,1.0,0.0
openrouter/mistralai/mistral-small-3.2-24b-instruct,tom_12dim_freeresponse,2026-07-14T19:40:40+00:00,file:///Users/Naiti/Documents/Documents_NBMacBookPro/2026/DevToM/devtom-openrouter/logs/2026-07-14T19-40-40-00-00_tom-12dim-freeresponse_NqiWexxqL54i3MR4MtVSqL.eval,Hidden Emotion (Appearance vs. Reality),Emotion recognition,1.0,0.0
openrouter/mistralai/mistral-small-3.2-24b-instruct,tom_12dim_freeresponse,2026-07-14T19:40:40+00:00,file:///Users/Naiti/Documents/Documents_NBMacBookPro/2026/DevToM/devtom-openrouter/logs/2026-07-14T19-40-40-00-00_tom-12dim-freeresponse_NqiWexxqL54i3MR4MtVSqL.eval,Intention vs. Accident,Desire / intention inference,1.0,0.0
openrouter/mistralai/mistral-small-3.2-24b-instruct,tom_12dim_freeresponse,2026-07-14T19:40:40+00:00,file:///Users/Naiti/Documents/Documents_NBMacBookPro/2026/DevToM/devtom-openrouter/logs/2026-07-14T19-40-40-00-00_tom-12dim-freeresponse_NqiWexxqL54i3MR4MtVSqL.eval,Irony,Pragmatic understanding,1.0,0.0
openrouter/mistralai/mistral-small-3.2-24b-instruct,tom_12dim_freeresponse,2026-07-14T19:40:40+00:00,file:///Users/Naiti/Documents/Documents_NBMacBookPro/2026/DevToM/devtom-openrouter/logs/2026-07-14T19-40-40-00-00_tom-12dim-freeresponse_NqiWexxqL54i3MR4MtVSqL.eval,Knowledge Access / Ignorance,Knowledge access,0.8,0.19999999999999998
openrouter/mistralai/mistral-small-3.2-24b-instruct,tom_12dim_freeresponse,2026-07-14T19:40:40+00:00,file:///Users/Naiti/Documents/Documents_NBMacBookPro/2026/DevToM/devtom-openrouter/logs/2026-07-14T19-40-40-00-00_tom-12dim-freeresponse_NqiWexxqL54i3MR4MtVSqL.eval,Sarcasm,Pragmatic understanding,1.0,0.0
openrouter/mistralai/mistral-small-3.2-24b-instruct,tom_12dim_freeresponse,2026-07-14T19:40:40+00:00,file:///Users/Naiti/Documents/Documents_NBMacBookPro/2026/DevToM/devtom-openrouter/logs/2026-07-14T19-40-40-00-00_tom-12dim-freeresponse_NqiWexxqL54i3MR4MtVSqL.eval,Second-Order False Belief,Belief reasoning,0.8,0.20000000000000004
openrouter/mistralai/mistral-small-3.2-24b-instruct,tom_12dim_freeresponse,2026-07-14T19:40:40+00:00,file:///Users/Naiti/Documents/Documents_NBMacBookPro/2026/DevToM/devtom-openrouter/logs/2026-07-14T19-40-40-00-00_tom-12dim-freeresponse_NqiWexxqL54i3MR4MtVSqL.eval,White Lies / Prosocial Deception,Deception,0.8,0.20000000000000004
openrouter/qwen/qwen-2.5-72b-instruct,tom_12dim_freeresponse,2026-07-14T19:22:05+00:00,file:///Users/Naiti/Documents/Documents_NBMacBookPro/2026/DevToM/devtom-openrouter/logs/2026-07-14T19-22-05-00-00_tom-12dim-freeresponse_TYPRXi6vh5xNEsB8aLF4HZ.eval,ALL (overall),ALL (overall),0.8,0.05207556439232954
openrouter/qwen/qwen-2.5-72b-instruct,tom_12dim_freeresponse,2026-07-14T19:22:05+00:00,file:///Users/Naiti/Documents/Documents_NBMacBookPro/2026/DevToM/devtom-openrouter/logs/2026-07-14T19-22-05-00-00_tom-12dim-freeresponse_TYPRXi6vh5xNEsB8aLF4HZ.eval,Diverse Beliefs,Belief reasoning,1.0,0.0
openrouter/qwen/qwen-2.5-72b-instruct,tom_12dim_freeresponse,2026-07-14T19:22:05+00:00,file:///Users/Naiti/Documents/Documents_NBMacBookPro/2026/DevToM/devtom-openrouter/logs/2026-07-14T19-22-05-00-00_tom-12dim-freeresponse_TYPRXi6vh5xNEsB8aLF4HZ.eval,Diverse Desires,Desire / intention inference,0.8,0.20000000000000004
openrouter/qwen/qwen-2.5-72b-instruct,tom_12dim_freeresponse,2026-07-14T19:22:05+00:00,file:///Users/Naiti/Documents/Documents_NBMacBookPro/2026/DevToM/devtom-openrouter/logs/2026-07-14T19-22-05-00-00_tom-12dim-freeresponse_TYPRXi6vh5xNEsB8aLF4HZ.eval,Emotion Recognition,Emotion recognition,0.8,0.19999999999999998
openrouter/qwen/qwen-2.5-72b-instruct,tom_12dim_freeresponse,2026-07-14T19:22:05+00:00,file:///Users/Naiti/Documents/Documents_NBMacBookPro/2026/DevToM/devtom-openrouter/logs/2026-07-14T19-22-05-00-00_tom-12dim-freeresponse_TYPRXi6vh5xNEsB8aLF4HZ.eval,Faux Pas Detection,Pragmatic understanding,0.4,0.24494897427831783
openrouter/qwen/qwen-2.5-72b-instruct,tom_12dim_freeresponse,2026-07-14T19:22:05+00:00,file:///Users/Naiti/Documents/Documents_NBMacBookPro/2026/DevToM/devtom-openrouter/logs/2026-07-14T19-22-05-00-00_tom-12dim-freeresponse_TYPRXi6vh5xNEsB8aLF4HZ.eval,First-Order False Belief,Belief reasoning,0.8,0.20000000000000004
openrouter/qwen/qwen-2.5-72b-instruct,tom_12dim_freeresponse,2026-07-14T19:22:05+00:00,file:///Users/Naiti/Documents/Documents_NBMacBookPro/2026/DevToM/devtom-openrouter/logs/2026-07-14T19-22-05-00-00_tom-12dim-freeresponse_TYPRXi6vh5xNEsB8aLF4HZ.eval,Hidden Emotion (Appearance vs. Reality),Emotion recognition,1.0,0.0
openrouter/qwen/qwen-2.5-72b-instruct,tom_12dim_freeresponse,2026-07-14T19:22:05+00:00,file:///Users/Naiti/Documents/Documents_NBMacBookPro/2026/DevToM/devtom-openrouter/logs/2026-07-14T19-22-05-00-00_tom-12dim-freeresponse_TYPRXi6vh5xNEsB8aLF4HZ.eval,Intention vs. Accident,Desire / intention inference,0.8,0.19999999999999998
openrouter/qwen/qwen-2.5-72b-instruct,tom_12dim_freeresponse,2026-07-14T19:22:05+00:00,file:///Users/Naiti/Documents/Documents_NBMacBookPro/2026/DevToM/devtom-openrouter/logs/2026-07-14T19-22-05-00-00_tom-12dim-freeresponse_TYPRXi6vh5xNEsB8aLF4HZ.eval,Irony,Pragmatic understanding,1.0,0.0
openrouter/qwen/qwen-2.5-72b-instruct,tom_12dim_freeresponse,2026-07-14T19:22:05+00:00,file:///Users/Naiti/Documents/Documents_NBMacBookPro/2026/DevToM/devtom-openrouter/logs/2026-07-14T19-22-05-00-00_tom-12dim-freeresponse_TYPRXi6vh5xNEsB8aLF4HZ.eval,Knowledge Access / Ignorance,Knowledge access,0.8,0.19999999999999998
openrouter/qwen/qwen-2.5-72b-instruct,tom_12dim_freeresponse,2026-07-14T19:22:05+00:00,file:///Users/Naiti/Documents/Documents_NBMacBookPro/2026/DevToM/devtom-openrouter/logs/2026-07-14T19-22-05-00-00_tom-12dim-freeresponse_TYPRXi6vh5xNEsB8aLF4HZ.eval,Sarcasm,Pragmatic understanding,1.0,0.0
openrouter/qwen/qwen-2.5-72b-instruct,tom_12dim_freeresponse,2026-07-14T19:22:05+00:00,file:///Users/Naiti/Documents/Documents_NBMacBookPro/2026/DevToM/devtom-openrouter/logs/2026-07-14T19-22-05-00-00_tom-12dim-freeresponse_TYPRXi6vh5xNEsB8aLF4HZ.eval,Second-Order False Belief,Belief reasoning,0.2,0.20000000000000004
openrouter/qwen/qwen-2.5-72b-instruct,tom_12dim_freeresponse,2026-07-14T19:22:05+00:00,file:///Users/Naiti/Documents/Documents_NBMacBookPro/2026/DevToM/devtom-openrouter/logs/2026-07-14T19-22-05-00-00_tom-12dim-freeresponse_TYPRXi6vh5xNEsB8aLF4HZ.eval,White Lies / Prosocial Deception,Deception,1.0,0.0
openrouter/qwen/qwen-2.5-7b-instruct,tom_12dim_freeresponse,2026-07-14T19:21:38+00:00,file:///Users/Naiti/Documents/Documents_NBMacBookPro/2026/DevToM/devtom-openrouter/logs/2026-07-14T19-21-38-00-00_tom-12dim-freeresponse_T9D6po5Q2hRSiuCutLv7PJ.eval,ALL (overall),ALL (overall),0.65,0.06209615288719448
openrouter/qwen/qwen-2.5-7b-instruct,tom_12dim_freeresponse,2026-07-14T19:21:38+00:00,file:///Users/Naiti/Documents/Documents_NBMacBookPro/2026/DevToM/devtom-openrouter/logs/2026-07-14T19-21-38-00-00_tom-12dim-freeresponse_T9D6po5Q2hRSiuCutLv7PJ.eval,Diverse Beliefs,Belief reasoning,0.6,0.24494897427831783
openrouter/qwen/qwen-2.5-7b-instruct,tom_12dim_freeresponse,2026-07-14T19:21:38+00:00,file:///Users/Naiti/Documents/Documents_NBMacBookPro/2026/DevToM/devtom-openrouter/logs/2026-07-14T19-21-38-00-00_tom-12dim-freeresponse_T9D6po5Q2hRSiuCutLv7PJ.eval,Diverse Desires,Desire / intention inference,0.8,0.20000000000000004
openrouter/qwen/qwen-2.5-7b-instruct,tom_12dim_freeresponse,2026-07-14T19:21:38+00:00,file:///Users/Naiti/Documents/Documents_NBMacBookPro/2026/DevToM/devtom-openrouter/logs/2026-07-14T19-21-38-00-00_tom-12dim-freeresponse_T9D6po5Q2hRSiuCutLv7PJ.eval,Emotion Recognition,Emotion recognition,0.8,0.19999999999999998
openrouter/qwen/qwen-2.5-7b-instruct,tom_12dim_freeresponse,2026-07-14T19:21:38+00:00,file:///Users/Naiti/Documents/Documents_NBMacBookPro/2026/DevToM/devtom-openrouter/logs/2026-07-14T19-21-38-00-00_tom-12dim-freeresponse_T9D6po5Q2hRSiuCutLv7PJ.eval,Faux Pas Detection,Pragmatic understanding,0.2,0.2
openrouter/qwen/qwen-2.5-7b-instruct,tom_12dim_freeresponse,2026-07-14T19:21:38+00:00,file:///Users/Naiti/Documents/Documents_NBMacBookPro/2026/DevToM/devtom-openrouter/logs/2026-07-14T19-21-38-00-00_tom-12dim-freeresponse_T9D6po5Q2hRSiuCutLv7PJ.eval,First-Order False Belief,Belief reasoning,0.4,0.24494897427831783
openrouter/qwen/qwen-2.5-7b-instruct,tom_12dim_freeresponse,2026-07-14T19:21:38+00:00,file:///Users/Naiti/Documents/Documents_NBMacBookPro/2026/DevToM/devtom-openrouter/logs/2026-07-14T19-21-38-00-00_tom-12dim-freeresponse_T9D6po5Q2hRSiuCutLv7PJ.eval,Hidden Emotion (Appearance vs. Reality),Emotion recognition,0.6,0.24494897427831783
openrouter/qwen/qwen-2.5-7b-instruct,tom_12dim_freeresponse,2026-07-14T19:21:38+00:00,file:///Users/Naiti/Documents/Documents_NBMacBookPro/2026/DevToM/devtom-openrouter/logs/2026-07-14T19-21-38-00-00_tom-12dim-freeresponse_T9D6po5Q2hRSiuCutLv7PJ.eval,Intention vs. Accident,Desire / intention inference,1.0,0.0
openrouter/qwen/qwen-2.5-7b-instruct,tom_12dim_freeresponse,2026-07-14T19:21:38+00:00,file:///Users/Naiti/Documents/Documents_NBMacBookPro/2026/DevToM/devtom-openrouter/logs/2026-07-14T19-21-38-00-00_tom-12dim-freeresponse_T9D6po5Q2hRSiuCutLv7PJ.eval,Irony,Pragmatic understanding,0.8,0.19999999999999998
openrouter/qwen/qwen-2.5-7b-instruct,tom_12dim_freeresponse,2026-07-14T19:21:38+00:00,file:///Users/Naiti/Documents/Documents_NBMacBookPro/2026/DevToM/devtom-openrouter/logs/2026-07-14T19-21-38-00-00_tom-12dim-freeresponse_T9D6po5Q2hRSiuCutLv7PJ.eval,Knowledge Access / Ignorance,Knowledge access,0.6,0.24494897427831783
openrouter/qwen/qwen-2.5-7b-instruct,tom_12dim_freeresponse,2026-07-14T19:21:38+00:00,file:///Users/Naiti/Documents/Documents_NBMacBookPro/2026/DevToM/devtom-openrouter/logs/2026-07-14T19-21-38-00-00_tom-12dim-freeresponse_T9D6po5Q2hRSiuCutLv7PJ.eval,Sarcasm,Pragmatic understanding,0.4,0.24494897427831783
openrouter/qwen/qwen-2.5-7b-instruct,tom_12dim_freeresponse,2026-07-14T19:21:38+00:00,file:///Users/Naiti/Documents/Documents_NBMacBookPro/2026/DevToM/devtom-openrouter/logs/2026-07-14T19-21-38-00-00_tom-12dim-freeresponse_T9D6po5Q2hRSiuCutLv7PJ.eval,Second-Order False Belief,Belief reasoning,1.0,0.0
openrouter/qwen/qwen-2.5-7b-instruct,tom_12dim_freeresponse,2026-07-14T19:21:38+00:00,file:///Users/Naiti/Documents/Documents_NBMacBookPro/2026/DevToM/devtom-openrouter/logs/2026-07-14T19-21-38-00-00_tom-12dim-freeresponse_T9D6po5Q2hRSiuCutLv7PJ.eval,White Lies / Prosocial Deception,Deception,0.6,0.24494897427831783
openrouter/qwen/qwen3-32b,tom_12dim_freeresponse,2026-07-14T19:36:06+00:00,file:///Users/Naiti/Documents/Documents_NBMacBookPro/2026/DevToM/devtom-openrouter/logs/2026-07-14T19-36-06-00-00_tom-12dim-freeresponse_6thSrXK5kPZzCRpFWiC55m.eval,ALL (overall),ALL (overall),0.9,0.039056673294247155
openrouter/qwen/qwen3-32b,tom_12dim_freeresponse,2026-07-14T19:36:06+00:00,file:///Users/Naiti/Documents/Documents_NBMacBookPro/2026/DevToM/devtom-openrouter/logs/2026-07-14T19-36-06-00-00_tom-12dim-freeresponse_6thSrXK5kPZzCRpFWiC55m.eval,Diverse Beliefs,Belief reasoning,1.0,0.0
openrouter/qwen/qwen3-32b,tom_12dim_freeresponse,2026-07-14T19:36:06+00:00,file:///Users/Naiti/Documents/Documents_NBMacBookPro/2026/DevToM/devtom-openrouter/logs/2026-07-14T19-36-06-00-00_tom-12dim-freeresponse_6thSrXK5kPZzCRpFWiC55m.eval,Diverse Desires,Desire / intention inference,0.8,0.20000000000000004
openrouter/qwen/qwen3-32b,tom_12dim_freeresponse,2026-07-14T19:36:06+00:00,file:///Users/Naiti/Documents/Documents_NBMacBookPro/2026/DevToM/devtom-openrouter/logs/2026-07-14T19-36-06-00-00_tom-12dim-freeresponse_6thSrXK5kPZzCRpFWiC55m.eval,Emotion Recognition,Emotion recognition,1.0,0.0
openrouter/qwen/qwen3-32b,tom_12dim_freeresponse,2026-07-14T19:36:06+00:00,file:///Users/Naiti/Documents/Documents_NBMacBookPro/2026/DevToM/devtom-openrouter/logs/2026-07-14T19-36-06-00-00_tom-12dim-freeresponse_6thSrXK5kPZzCRpFWiC55m.eval,Faux Pas Detection,Pragmatic understanding,0.6,0.24494897427831783
openrouter/qwen/qwen3-32b,tom_12dim_freeresponse,2026-07-14T19:36:06+00:00,file:///Users/Naiti/Documents/Documents_NBMacBookPro/2026/DevToM/devtom-openrouter/logs/2026-07-14T19-36-06-00-00_tom-12dim-freeresponse_6thSrXK5kPZzCRpFWiC55m.eval,First-Order False Belief,Belief reasoning,1.0,0.0
openrouter/qwen/qwen3-32b,tom_12dim_freeresponse,2026-07-14T19:36:06+00:00,file:///Users/Naiti/Documents/Documents_NBMacBookPro/2026/DevToM/devtom-openrouter/logs/2026-07-14T19-36-06-00-00_tom-12dim-freeresponse_6thSrXK5kPZzCRpFWiC55m.eval,Hidden Emotion (Appearance vs. Reality),Emotion recognition,1.0,0.0
openrouter/qwen/qwen3-32b,tom_12dim_freeresponse,2026-07-14T19:36:06+00:00,file:///Users/Naiti/Documents/Documents_NBMacBookPro/2026/DevToM/devtom-openrouter/logs/2026-07-14T19-36-06-00-00_tom-12dim-freeresponse_6thSrXK5kPZzCRpFWiC55m.eval,Intention vs. Accident,Desire / intention inference,1.0,0.0
openrouter/qwen/qwen3-32b,tom_12dim_freeresponse,2026-07-14T19:36:06+00:00,file:///Users/Naiti/Documents/Documents_NBMacBookPro/2026/DevToM/devtom-openrouter/logs/2026-07-14T19-36-06-00-00_tom-12dim-freeresponse_6thSrXK5kPZzCRpFWiC55m.eval,Irony,Pragmatic understanding,1.0,0.0
openrouter/qwen/qwen3-32b,tom_12dim_freeresponse,2026-07-14T19:36:06+00:00,file:///Users/Naiti/Documents/Documents_NBMacBookPro/2026/DevToM/devtom-openrouter/logs/2026-07-14T19-36-06-00-00_tom-12dim-freeresponse_6thSrXK5kPZzCRpFWiC55m.eval,Knowledge Access / Ignorance,Knowledge access,0.8,0.19999999999999998
openrouter/qwen/qwen3-32b,tom_12dim_freeresponse,2026-07-14T19:36:06+00:00,file:///Users/Naiti/Documents/Documents_NBMacBookPro/2026/DevToM/devtom-openrouter/logs/2026-07-14T19-36-06-00-00_tom-12dim-freeresponse_6thSrXK5kPZzCRpFWiC55m.eval,Sarcasm,Pragmatic understanding,0.8,0.20000000000000004
openrouter/qwen/qwen3-32b,tom_12dim_freeresponse,2026-07-14T19:36:06+00:00,file:///Users/Naiti/Documents/Documents_NBMacBookPro/2026/DevToM/devtom-openrouter/logs/2026-07-14T19-36-06-00-00_tom-12dim-freeresponse_6thSrXK5kPZzCRpFWiC55m.eval,Second-Order False Belief,Belief reasoning,0.8,0.19999999999999998
openrouter/qwen/qwen3-32b,tom_12dim_freeresponse,2026-07-14T19:36:06+00:00,file:///Users/Naiti/Documents/Documents_NBMacBookPro/2026/DevToM/devtom-openrouter/logs/2026-07-14T19-36-06-00-00_tom-12dim-freeresponse_6thSrXK5kPZzCRpFWiC55m.eval,White Lies / Prosocial Deception,Deception,1.0,0.0
openrouter/deepseek/deepseek-chat,tom_12dim_mcq,2026-07-14T19:26:11+00:00,file:///Users/Naiti/Documents/Documents_NBMacBookPro/2026/DevToM/devtom-openrouter/logs/2026-07-14T19-26-11-00-00_tom-12dim-mcq_9q56EG3YhZz478HVPVR9fr.eval,ALL (overall),ALL (overall),1.0,0.0
openrouter/deepseek/deepseek-chat,tom_12dim_mcq,2026-07-14T19:26:11+00:00,file:///Users/Naiti/Documents/Documents_NBMacBookPro/2026/DevToM/devtom-openrouter/logs/2026-07-14T19-26-11-00-00_tom-12dim-mcq_9q56EG3YhZz478HVPVR9fr.eval,Diverse Beliefs,Belief reasoning,1.0,0.0
openrouter/deepseek/deepseek-chat,tom_12dim_mcq,2026-07-14T19:26:11+00:00,file:///Users/Naiti/Documents/Documents_NBMacBookPro/2026/DevToM/devtom-openrouter/logs/2026-07-14T19-26-11-00-00_tom-12dim-mcq_9q56EG3YhZz478HVPVR9fr.eval,Diverse Desires,Desire / intention inference,1.0,0.0
openrouter/deepseek/deepseek-chat,tom_12dim_mcq,2026-07-14T19:26:11+00:00,file:///Users/Naiti/Documents/Documents_NBMacBookPro/2026/DevToM/devtom-openrouter/logs/2026-07-14T19-26-11-00-00_tom-12dim-mcq_9q56EG3YhZz478HVPVR9fr.eval,Emotion Recognition,Emotion recognition,1.0,0.0
openrouter/deepseek/deepseek-chat,tom_12dim_mcq,2026-07-14T19:26:11+00:00,file:///Users/Naiti/Documents/Documents_NBMacBookPro/2026/DevToM/devtom-openrouter/logs/2026-07-14T19-26-11-00-00_tom-12dim-mcq_9q56EG3YhZz478HVPVR9fr.eval,Faux Pas Detection,Pragmatic understanding,1.0,0.0
openrouter/deepseek/deepseek-chat,tom_12dim_mcq,2026-07-14T19:26:11+00:00,file:///Users/Naiti/Documents/Documents_NBMacBookPro/2026/DevToM/devtom-openrouter/logs/2026-07-14T19-26-11-00-00_tom-12dim-mcq_9q56EG3YhZz478HVPVR9fr.eval,First-Order False Belief,Belief reasoning,1.0,0.0
openrouter/deepseek/deepseek-chat,tom_12dim_mcq,2026-07-14T19:26:11+00:00,file:///Users/Naiti/Documents/Documents_NBMacBookPro/2026/DevToM/devtom-openrouter/logs/2026-07-14T19-26-11-00-00_tom-12dim-mcq_9q56EG3YhZz478HVPVR9fr.eval,Hidden Emotion (Appearance vs. Reality),Emotion recognition,1.0,0.0
openrouter/deepseek/deepseek-chat,tom_12dim_mcq,2026-07-14T19:26:11+00:00,file:///Users/Naiti/Documents/Documents_NBMacBookPro/2026/DevToM/devtom-openrouter/logs/2026-07-14T19-26-11-00-00_tom-12dim-mcq_9q56EG3YhZz478HVPVR9fr.eval,Intention vs. Accident,Desire / intention inference,1.0,0.0
openrouter/deepseek/deepseek-chat,tom_12dim_mcq,2026-07-14T19:26:11+00:00,file:///Users/Naiti/Documents/Documents_NBMacBookPro/2026/DevToM/devtom-openrouter/logs/2026-07-14T19-26-11-00-00_tom-12dim-mcq_9q56EG3YhZz478HVPVR9fr.eval,Irony,Pragmatic understanding,1.0,0.0
openrouter/deepseek/deepseek-chat,tom_12dim_mcq,2026-07-14T19:26:11+00:00,file:///Users/Naiti/Documents/Documents_NBMacBookPro/2026/DevToM/devtom-openrouter/logs/2026-07-14T19-26-11-00-00_tom-12dim-mcq_9q56EG3YhZz478HVPVR9fr.eval,Knowledge Access / Ignorance,Knowledge access,1.0,0.0
openrouter/deepseek/deepseek-chat,tom_12dim_mcq,2026-07-14T19:26:11+00:00,file:///Users/Naiti/Documents/Documents_NBMacBookPro/2026/DevToM/devtom-openrouter/logs/2026-07-14T19-26-11-00-00_tom-12dim-mcq_9q56EG3YhZz478HVPVR9fr.eval,Sarcasm,Pragmatic understanding,1.0,0.0
openrouter/deepseek/deepseek-chat,tom_12dim_mcq,2026-07-14T19:26:11+00:00,file:///Users/Naiti/Documents/Documents_NBMacBookPro/2026/DevToM/devtom-openrouter/logs/2026-07-14T19-26-11-00-00_tom-12dim-mcq_9q56EG3YhZz478HVPVR9fr.eval,Second-Order False Belief,Belief reasoning,1.0,0.0
openrouter/deepseek/deepseek-chat,tom_12dim_mcq,2026-07-14T19:26:11+00:00,file:///Users/Naiti/Documents/Documents_NBMacBookPro/2026/DevToM/devtom-openrouter/logs/2026-07-14T19-26-11-00-00_tom-12dim-mcq_9q56EG3YhZz478HVPVR9fr.eval,White Lies / Prosocial Deception,Deception,1.0,0.0
openrouter/deepseek/deepseek-chat-v3-0324,tom_12dim_mcq,2026-07-14T19:31:44+00:00,file:///Users/Naiti/Documents/Documents_NBMacBookPro/2026/DevToM/devtom-openrouter/logs/2026-07-14T19-31-44-00-00_tom-12dim-mcq_KDkwexiB4kQ2AqSBzCE6vr.eval,ALL (overall),ALL (overall),1.0,0.0
openrouter/deepseek/deepseek-chat-v3-0324,tom_12dim_mcq,2026-07-14T19:31:44+00:00,file:///Users/Naiti/Documents/Documents_NBMacBookPro/2026/DevToM/devtom-openrouter/logs/2026-07-14T19-31-44-00-00_tom-12dim-mcq_KDkwexiB4kQ2AqSBzCE6vr.eval,Diverse Beliefs,Belief reasoning,1.0,0.0
openrouter/deepseek/deepseek-chat-v3-0324,tom_12dim_mcq,2026-07-14T19:31:44+00:00,file:///Users/Naiti/Documents/Documents_NBMacBookPro/2026/DevToM/devtom-openrouter/logs/2026-07-14T19-31-44-00-00_tom-12dim-mcq_KDkwexiB4kQ2AqSBzCE6vr.eval,Diverse Desires,Desire / intention inference,1.0,0.0
openrouter/deepseek/deepseek-chat-v3-0324,tom_12dim_mcq,2026-07-14T19:31:44+00:00,file:///Users/Naiti/Documents/Documents_NBMacBookPro/2026/DevToM/devtom-openrouter/logs/2026-07-14T19-31-44-00-00_tom-12dim-mcq_KDkwexiB4kQ2AqSBzCE6vr.eval,Emotion Recognition,Emotion recognition,1.0,0.0
openrouter/deepseek/deepseek-chat-v3-0324,tom_12dim_mcq,2026-07-14T19:31:44+00:00,file:///Users/Naiti/Documents/Documents_NBMacBookPro/2026/DevToM/devtom-openrouter/logs/2026-07-14T19-31-44-00-00_tom-12dim-mcq_KDkwexiB4kQ2AqSBzCE6vr.eval,Faux Pas Detection,Pragmatic understanding,1.0,0.0
openrouter/deepseek/deepseek-chat-v3-0324,tom_12dim_mcq,2026-07-14T19:31:44+00:00,file:///Users/Naiti/Documents/Documents_NBMacBookPro/2026/DevToM/devtom-openrouter/logs/2026-07-14T19-31-44-00-00_tom-12dim-mcq_KDkwexiB4kQ2AqSBzCE6vr.eval,First-Order False Belief,Belief reasoning,1.0,0.0
openrouter/deepseek/deepseek-chat-v3-0324,tom_12dim_mcq,2026-07-14T19:31:44+00:00,file:///Users/Naiti/Documents/Documents_NBMacBookPro/2026/DevToM/devtom-openrouter/logs/2026-07-14T19-31-44-00-00_tom-12dim-mcq_KDkwexiB4kQ2AqSBzCE6vr.eval,Hidden Emotion (Appearance vs. Reality),Emotion recognition,1.0,0.0
openrouter/deepseek/deepseek-chat-v3-0324,tom_12dim_mcq,2026-07-14T19:31:44+00:00,file:///Users/Naiti/Documents/Documents_NBMacBookPro/2026/DevToM/devtom-openrouter/logs/2026-07-14T19-31-44-00-00_tom-12dim-mcq_KDkwexiB4kQ2AqSBzCE6vr.eval,Intention vs. Accident,Desire / intention inference,1.0,0.0
openrouter/deepseek/deepseek-chat-v3-0324,tom_12dim_mcq,2026-07-14T19:31:44+00:00,file:///Users/Naiti/Documents/Documents_NBMacBookPro/2026/DevToM/devtom-openrouter/logs/2026-07-14T19-31-44-00-00_tom-12dim-mcq_KDkwexiB4kQ2AqSBzCE6vr.eval,Irony,Pragmatic understanding,1.0,0.0
openrouter/deepseek/deepseek-chat-v3-0324,tom_12dim_mcq,2026-07-14T19:31:44+00:00,file:///Users/Naiti/Documents/Documents_NBMacBookPro/2026/DevToM/devtom-openrouter/logs/2026-07-14T19-31-44-00-00_tom-12dim-mcq_KDkwexiB4kQ2AqSBzCE6vr.eval,Knowledge Access / Ignorance,Knowledge access,1.0,0.0
openrouter/deepseek/deepseek-chat-v3-0324,tom_12dim_mcq,2026-07-14T19:31:44+00:00,file:///Users/Naiti/Documents/Documents_NBMacBookPro/2026/DevToM/devtom-openrouter/logs/2026-07-14T19-31-44-00-00_tom-12dim-mcq_KDkwexiB4kQ2AqSBzCE6vr.eval,Sarcasm,Pragmatic understanding,1.0,0.0
openrouter/deepseek/deepseek-chat-v3-0324,tom_12dim_mcq,2026-07-14T19:31:44+00:00,file:///Users/Naiti/Documents/Documents_NBMacBookPro/2026/DevToM/devtom-openrouter/logs/2026-07-14T19-31-44-00-00_tom-12dim-mcq_KDkwexiB4kQ2AqSBzCE6vr.eval,Second-Order False Belief,Belief reasoning,1.0,0.0
openrouter/deepseek/deepseek-chat-v3-0324,tom_12dim_mcq,2026-07-14T19:31:44+00:00,file:///Users/Naiti/Documents/Documents_NBMacBookPro/2026/DevToM/devtom-openrouter/logs/2026-07-14T19-31-44-00-00_tom-12dim-mcq_KDkwexiB4kQ2AqSBzCE6vr.eval,White Lies / Prosocial Deception,Deception,1.0,0.0
openrouter/deepseek/deepseek-r1,tom_12dim_mcq,2026-07-14T19:27:30+00:00,file:///Users/Naiti/Documents/Documents_NBMacBookPro/2026/DevToM/devtom-openrouter/logs/2026-07-14T19-27-30-00-00_tom-12dim-mcq_PVZ92rBkU8ckZs9j6Lgqu6.eval,ALL (overall),ALL (overall),1.0,0.0
openrouter/deepseek/deepseek-r1,tom_12dim_mcq,2026-07-14T19:27:30+00:00,file:///Users/Naiti/Documents/Documents_NBMacBookPro/2026/DevToM/devtom-openrouter/logs/2026-07-14T19-27-30-00-00_tom-12dim-mcq_PVZ92rBkU8ckZs9j6Lgqu6.eval,Diverse Beliefs,Belief reasoning,1.0,0.0
openrouter/deepseek/deepseek-r1,tom_12dim_mcq,2026-07-14T19:27:30+00:00,file:///Users/Naiti/Documents/Documents_NBMacBookPro/2026/DevToM/devtom-openrouter/logs/2026-07-14T19-27-30-00-00_tom-12dim-mcq_PVZ92rBkU8ckZs9j6Lgqu6.eval,Diverse Desires,Desire / intention inference,1.0,0.0
openrouter/deepseek/deepseek-r1,tom_12dim_mcq,2026-07-14T19:27:30+00:00,file:///Users/Naiti/Documents/Documents_NBMacBookPro/2026/DevToM/devtom-openrouter/logs/2026-07-14T19-27-30-00-00_tom-12dim-mcq_PVZ92rBkU8ckZs9j6Lgqu6.eval,Emotion Recognition,Emotion recognition,1.0,0.0
openrouter/deepseek/deepseek-r1,tom_12dim_mcq,2026-07-14T19:27:30+00:00,file:///Users/Naiti/Documents/Documents_NBMacBookPro/2026/DevToM/devtom-openrouter/logs/2026-07-14T19-27-30-00-00_tom-12dim-mcq_PVZ92rBkU8ckZs9j6Lgqu6.eval,Faux Pas Detection,Pragmatic understanding,1.0,0.0
openrouter/deepseek/deepseek-r1,tom_12dim_mcq,2026-07-14T19:27:30+00:00,file:///Users/Naiti/Documents/Documents_NBMacBookPro/2026/DevToM/devtom-openrouter/logs/2026-07-14T19-27-30-00-00_tom-12dim-mcq_PVZ92rBkU8ckZs9j6Lgqu6.eval,First-Order False Belief,Belief reasoning,1.0,0.0
openrouter/deepseek/deepseek-r1,tom_12dim_mcq,2026-07-14T19:27:30+00:00,file:///Users/Naiti/Documents/Documents_NBMacBookPro/2026/DevToM/devtom-openrouter/logs/2026-07-14T19-27-30-00-00_tom-12dim-mcq_PVZ92rBkU8ckZs9j6Lgqu6.eval,Hidden Emotion (Appearance vs. Reality),Emotion recognition,1.0,0.0
openrouter/deepseek/deepseek-r1,tom_12dim_mcq,2026-07-14T19:27:30+00:00,file:///Users/Naiti/Documents/Documents_NBMacBookPro/2026/DevToM/devtom-openrouter/logs/2026-07-14T19-27-30-00-00_tom-12dim-mcq_PVZ92rBkU8ckZs9j6Lgqu6.eval,Intention vs. Accident,Desire / intention inference,1.0,0.0
openrouter/deepseek/deepseek-r1,tom_12dim_mcq,2026-07-14T19:27:30+00:00,file:///Users/Naiti/Documents/Documents_NBMacBookPro/2026/DevToM/devtom-openrouter/logs/2026-07-14T19-27-30-00-00_tom-12dim-mcq_PVZ92rBkU8ckZs9j6Lgqu6.eval,Irony,Pragmatic understanding,1.0,0.0
openrouter/deepseek/deepseek-r1,tom_12dim_mcq,2026-07-14T19:27:30+00:00,file:///Users/Naiti/Documents/Documents_NBMacBookPro/2026/DevToM/devtom-openrouter/logs/2026-07-14T19-27-30-00-00_tom-12dim-mcq_PVZ92rBkU8ckZs9j6Lgqu6.eval,Knowledge Access / Ignorance,Knowledge access,1.0,0.0
openrouter/deepseek/deepseek-r1,tom_12dim_mcq,2026-07-14T19:27:30+00:00,file:///Users/Naiti/Documents/Documents_NBMacBookPro/2026/DevToM/devtom-openrouter/logs/2026-07-14T19-27-30-00-00_tom-12dim-mcq_PVZ92rBkU8ckZs9j6Lgqu6.eval,Sarcasm,Pragmatic understanding,1.0,0.0
openrouter/deepseek/deepseek-r1,tom_12dim_mcq,2026-07-14T19:27:30+00:00,file:///Users/Naiti/Documents/Documents_NBMacBookPro/2026/DevToM/devtom-openrouter/logs/2026-07-14T19-27-30-00-00_tom-12dim-mcq_PVZ92rBkU8ckZs9j6Lgqu6.eval,Second-Order False Belief,Belief reasoning,1.0,0.0
openrouter/deepseek/deepseek-r1,tom_12dim_mcq,2026-07-14T19:27:30+00:00,file:///Users/Naiti/Documents/Documents_NBMacBookPro/2026/DevToM/devtom-openrouter/logs/2026-07-14T19-27-30-00-00_tom-12dim-mcq_PVZ92rBkU8ckZs9j6Lgqu6.eval,White Lies / Prosocial Deception,Deception,1.0,0.0
openrouter/deepseek/deepseek-r1-0528,tom_12dim_mcq,2026-07-14T19:37:44+00:00,file:///Users/Naiti/Documents/Documents_NBMacBookPro/2026/DevToM/devtom-openrouter/logs/2026-07-14T19-37-44-00-00_tom-12dim-mcq_GHEsVjJccC29tNRWqQpNaa.eval,ALL (overall),ALL (overall),1.0,0.0
openrouter/deepseek/deepseek-r1-0528,tom_12dim_mcq,2026-07-14T19:37:44+00:00,file:///Users/Naiti/Documents/Documents_NBMacBookPro/2026/DevToM/devtom-openrouter/logs/2026-07-14T19-37-44-00-00_tom-12dim-mcq_GHEsVjJccC29tNRWqQpNaa.eval,Diverse Beliefs,Belief reasoning,1.0,0.0
openrouter/deepseek/deepseek-r1-0528,tom_12dim_mcq,2026-07-14T19:37:44+00:00,file:///Users/Naiti/Documents/Documents_NBMacBookPro/2026/DevToM/devtom-openrouter/logs/2026-07-14T19-37-44-00-00_tom-12dim-mcq_GHEsVjJccC29tNRWqQpNaa.eval,Diverse Desires,Desire / intention inference,1.0,0.0
openrouter/deepseek/deepseek-r1-0528,tom_12dim_mcq,2026-07-14T19:37:44+00:00,file:///Users/Naiti/Documents/Documents_NBMacBookPro/2026/DevToM/devtom-openrouter/logs/2026-07-14T19-37-44-00-00_tom-12dim-mcq_GHEsVjJccC29tNRWqQpNaa.eval,Emotion Recognition,Emotion recognition,1.0,0.0
openrouter/deepseek/deepseek-r1-0528,tom_12dim_mcq,2026-07-14T19:37:44+00:00,file:///Users/Naiti/Documents/Documents_NBMacBookPro/2026/DevToM/devtom-openrouter/logs/2026-07-14T19-37-44-00-00_tom-12dim-mcq_GHEsVjJccC29tNRWqQpNaa.eval,Faux Pas Detection,Pragmatic understanding,1.0,0.0
openrouter/deepseek/deepseek-r1-0528,tom_12dim_mcq,2026-07-14T19:37:44+00:00,file:///Users/Naiti/Documents/Documents_NBMacBookPro/2026/DevToM/devtom-openrouter/logs/2026-07-14T19-37-44-00-00_tom-12dim-mcq_GHEsVjJccC29tNRWqQpNaa.eval,First-Order False Belief,Belief reasoning,1.0,0.0
openrouter/deepseek/deepseek-r1-0528,tom_12dim_mcq,2026-07-14T19:37:44+00:00,file:///Users/Naiti/Documents/Documents_NBMacBookPro/2026/DevToM/devtom-openrouter/logs/2026-07-14T19-37-44-00-00_tom-12dim-mcq_GHEsVjJccC29tNRWqQpNaa.eval,Hidden Emotion (Appearance vs. Reality),Emotion recognition,1.0,0.0
openrouter/deepseek/deepseek-r1-0528,tom_12dim_mcq,2026-07-14T19:37:44+00:00,file:///Users/Naiti/Documents/Documents_NBMacBookPro/2026/DevToM/devtom-openrouter/logs/2026-07-14T19-37-44-00-00_tom-12dim-mcq_GHEsVjJccC29tNRWqQpNaa.eval,Intention vs. Accident,Desire / intention inference,1.0,0.0
openrouter/deepseek/deepseek-r1-0528,tom_12dim_mcq,2026-07-14T19:37:44+00:00,file:///Users/Naiti/Documents/Documents_NBMacBookPro/2026/DevToM/devtom-openrouter/logs/2026-07-14T19-37-44-00-00_tom-12dim-mcq_GHEsVjJccC29tNRWqQpNaa.eval,Irony,Pragmatic understanding,1.0,0.0
openrouter/deepseek/deepseek-r1-0528,tom_12dim_mcq,2026-07-14T19:37:44+00:00,file:///Users/Naiti/Documents/Documents_NBMacBookPro/2026/DevToM/devtom-openrouter/logs/2026-07-14T19-37-44-00-00_tom-12dim-mcq_GHEsVjJccC29tNRWqQpNaa.eval,Knowledge Access / Ignorance,Knowledge access,1.0,0.0
openrouter/deepseek/deepseek-r1-0528,tom_12dim_mcq,2026-07-14T19:37:44+00:00,file:///Users/Naiti/Documents/Documents_NBMacBookPro/2026/DevToM/devtom-openrouter/logs/2026-07-14T19-37-44-00-00_tom-12dim-mcq_GHEsVjJccC29tNRWqQpNaa.eval,Sarcasm,Pragmatic understanding,1.0,0.0
openrouter/deepseek/deepseek-r1-0528,tom_12dim_mcq,2026-07-14T19:37:44+00:00,file:///Users/Naiti/Documents/Documents_NBMacBookPro/2026/DevToM/devtom-openrouter/logs/2026-07-14T19-37-44-00-00_tom-12dim-mcq_GHEsVjJccC29tNRWqQpNaa.eval,Second-Order False Belief,Belief reasoning,1.0,0.0
openrouter/deepseek/deepseek-r1-0528,tom_12dim_mcq,2026-07-14T19:37:44+00:00,file:///Users/Naiti/Documents/Documents_NBMacBookPro/2026/DevToM/devtom-openrouter/logs/2026-07-14T19-37-44-00-00_tom-12dim-mcq_GHEsVjJccC29tNRWqQpNaa.eval,White Lies / Prosocial Deception,Deception,1.0,0.0
openrouter/google/gemma-2-27b-it,tom_12dim_mcq,2026-07-14T19:15:36+00:00,file:///Users/Naiti/Documents/Documents_NBMacBookPro/2026/DevToM/devtom-openrouter/logs/2026-07-14T19-15-36-00-00_tom-12dim-mcq_a5EcgQ8BaXd7dAN6q8Ccaz.eval,ALL (overall),ALL (overall),0.967741935483871,0.01593112252660629
openrouter/google/gemma-2-27b-it,tom_12dim_mcq,2026-07-14T19:15:36+00:00,file:///Users/Naiti/Documents/Documents_NBMacBookPro/2026/DevToM/devtom-openrouter/logs/2026-07-14T19-15-36-00-00_tom-12dim-mcq_a5EcgQ8BaXd7dAN6q8Ccaz.eval,Diverse Beliefs,Belief reasoning,1.0,0.0
openrouter/google/gemma-2-27b-it,tom_12dim_mcq,2026-07-14T19:15:36+00:00,file:///Users/Naiti/Documents/Documents_NBMacBookPro/2026/DevToM/devtom-openrouter/logs/2026-07-14T19-15-36-00-00_tom-12dim-mcq_a5EcgQ8BaXd7dAN6q8Ccaz.eval,Diverse Desires,Desire / intention inference,1.0,0.0
openrouter/google/gemma-2-27b-it,tom_12dim_mcq,2026-07-14T19:15:36+00:00,file:///Users/Naiti/Documents/Documents_NBMacBookPro/2026/DevToM/devtom-openrouter/logs/2026-07-14T19-15-36-00-00_tom-12dim-mcq_a5EcgQ8BaXd7dAN6q8Ccaz.eval,Emotion Recognition,Emotion recognition,1.0,0.0
openrouter/google/gemma-2-27b-it,tom_12dim_mcq,2026-07-14T19:15:36+00:00,file:///Users/Naiti/Documents/Documents_NBMacBookPro/2026/DevToM/devtom-openrouter/logs/2026-07-14T19-15-36-00-00_tom-12dim-mcq_a5EcgQ8BaXd7dAN6q8Ccaz.eval,Faux Pas Detection,Pragmatic understanding,1.0,0.0
openrouter/google/gemma-2-27b-it,tom_12dim_mcq,2026-07-14T19:15:36+00:00,file:///Users/Naiti/Documents/Documents_NBMacBookPro/2026/DevToM/devtom-openrouter/logs/2026-07-14T19-15-36-00-00_tom-12dim-mcq_a5EcgQ8BaXd7dAN6q8Ccaz.eval,First-Order False Belief,Belief reasoning,0.75,0.1305582419667734
openrouter/google/gemma-2-27b-it,tom_12dim_mcq,2026-07-14T19:15:36+00:00,file:///Users/Naiti/Documents/Documents_NBMacBookPro/2026/DevToM/devtom-openrouter/logs/2026-07-14T19-15-36-00-00_tom-12dim-mcq_a5EcgQ8BaXd7dAN6q8Ccaz.eval,Hidden Emotion (Appearance vs. Reality),Emotion recognition,1.0,0.0
openrouter/google/gemma-2-27b-it,tom_12dim_mcq,2026-07-14T19:15:36+00:00,file:///Users/Naiti/Documents/Documents_NBMacBookPro/2026/DevToM/devtom-openrouter/logs/2026-07-14T19-15-36-00-00_tom-12dim-mcq_a5EcgQ8BaXd7dAN6q8Ccaz.eval,Intention vs. Accident,Desire / intention inference,1.0,0.0
openrouter/google/gemma-2-27b-it,tom_12dim_mcq,2026-07-14T19:15:36+00:00,file:///Users/Naiti/Documents/Documents_NBMacBookPro/2026/DevToM/devtom-openrouter/logs/2026-07-14T19-15-36-00-00_tom-12dim-mcq_a5EcgQ8BaXd7dAN6q8Ccaz.eval,Irony,Pragmatic understanding,1.0,0.0
openrouter/google/gemma-2-27b-it,tom_12dim_mcq,2026-07-14T19:15:36+00:00,file:///Users/Naiti/Documents/Documents_NBMacBookPro/2026/DevToM/devtom-openrouter/logs/2026-07-14T19-15-36-00-00_tom-12dim-mcq_a5EcgQ8BaXd7dAN6q8Ccaz.eval,Knowledge Access / Ignorance,Knowledge access,1.0,0.0
openrouter/google/gemma-2-27b-it,tom_12dim_mcq,2026-07-14T19:15:36+00:00,file:///Users/Naiti/Documents/Documents_NBMacBookPro/2026/DevToM/devtom-openrouter/logs/2026-07-14T19-15-36-00-00_tom-12dim-mcq_a5EcgQ8BaXd7dAN6q8Ccaz.eval,Sarcasm,Pragmatic understanding,1.0,0.0
openrouter/google/gemma-2-27b-it,tom_12dim_mcq,2026-07-14T19:15:36+00:00,file:///Users/Naiti/Documents/Documents_NBMacBookPro/2026/DevToM/devtom-openrouter/logs/2026-07-14T19-15-36-00-00_tom-12dim-mcq_a5EcgQ8BaXd7dAN6q8Ccaz.eval,Second-Order False Belief,Belief reasoning,0.9,0.09999999999999999
openrouter/google/gemma-2-27b-it,tom_12dim_mcq,2026-07-14T19:15:36+00:00,file:///Users/Naiti/Documents/Documents_NBMacBookPro/2026/DevToM/devtom-openrouter/logs/2026-07-14T19-15-36-00-00_tom-12dim-mcq_a5EcgQ8BaXd7dAN6q8Ccaz.eval,White Lies / Prosocial Deception,Deception,1.0,0.0
openrouter/google/gemma-3-12b-it,tom_12dim_mcq,2026-07-14T19:30:47+00:00,file:///Users/Naiti/Documents/Documents_NBMacBookPro/2026/DevToM/devtom-openrouter/logs/2026-07-14T19-30-47-00-00_tom-12dim-mcq_9EbF6pnC3vyiqRBsrY5ufT.eval,ALL (overall),ALL (overall),0.9919354838709677,0.008064516129032261
openrouter/google/gemma-3-12b-it,tom_12dim_mcq,2026-07-14T19:30:47+00:00,file:///Users/Naiti/Documents/Documents_NBMacBookPro/2026/DevToM/devtom-openrouter/logs/2026-07-14T19-30-47-00-00_tom-12dim-mcq_9EbF6pnC3vyiqRBsrY5ufT.eval,Diverse Beliefs,Belief reasoning,1.0,0.0
openrouter/google/gemma-3-12b-it,tom_12dim_mcq,2026-07-14T19:30:47+00:00,file:///Users/Naiti/Documents/Documents_NBMacBookPro/2026/DevToM/devtom-openrouter/logs/2026-07-14T19-30-47-00-00_tom-12dim-mcq_9EbF6pnC3vyiqRBsrY5ufT.eval,Diverse Desires,Desire / intention inference,1.0,0.0
openrouter/google/gemma-3-12b-it,tom_12dim_mcq,2026-07-14T19:30:47+00:00,file:///Users/Naiti/Documents/Documents_NBMacBookPro/2026/DevToM/devtom-openrouter/logs/2026-07-14T19-30-47-00-00_tom-12dim-mcq_9EbF6pnC3vyiqRBsrY5ufT.eval,Emotion Recognition,Emotion recognition,1.0,0.0
openrouter/google/gemma-3-12b-it,tom_12dim_mcq,2026-07-14T19:30:47+00:00,file:///Users/Naiti/Documents/Documents_NBMacBookPro/2026/DevToM/devtom-openrouter/logs/2026-07-14T19-30-47-00-00_tom-12dim-mcq_9EbF6pnC3vyiqRBsrY5ufT.eval,Faux Pas Detection,Pragmatic understanding,1.0,0.0
openrouter/google/gemma-3-12b-it,tom_12dim_mcq,2026-07-14T19:30:47+00:00,file:///Users/Naiti/Documents/Documents_NBMacBookPro/2026/DevToM/devtom-openrouter/logs/2026-07-14T19-30-47-00-00_tom-12dim-mcq_9EbF6pnC3vyiqRBsrY5ufT.eval,First-Order False Belief,Belief reasoning,1.0,0.0
openrouter/google/gemma-3-12b-it,tom_12dim_mcq,2026-07-14T19:30:47+00:00,file:///Users/Naiti/Documents/Documents_NBMacBookPro/2026/DevToM/devtom-openrouter/logs/2026-07-14T19-30-47-00-00_tom-12dim-mcq_9EbF6pnC3vyiqRBsrY5ufT.eval,Hidden Emotion (Appearance vs. Reality),Emotion recognition,1.0,0.0
openrouter/google/gemma-3-12b-it,tom_12dim_mcq,2026-07-14T19:30:47+00:00,file:///Users/Naiti/Documents/Documents_NBMacBookPro/2026/DevToM/devtom-openrouter/logs/2026-07-14T19-30-47-00-00_tom-12dim-mcq_9EbF6pnC3vyiqRBsrY5ufT.eval,Intention vs. Accident,Desire / intention inference,1.0,0.0
openrouter/google/gemma-3-12b-it,tom_12dim_mcq,2026-07-14T19:30:47+00:00,file:///Users/Naiti/Documents/Documents_NBMacBookPro/2026/DevToM/devtom-openrouter/logs/2026-07-14T19-30-47-00-00_tom-12dim-mcq_9EbF6pnC3vyiqRBsrY5ufT.eval,Irony,Pragmatic understanding,1.0,0.0
openrouter/google/gemma-3-12b-it,tom_12dim_mcq,2026-07-14T19:30:47+00:00,file:///Users/Naiti/Documents/Documents_NBMacBookPro/2026/DevToM/devtom-openrouter/logs/2026-07-14T19-30-47-00-00_tom-12dim-mcq_9EbF6pnC3vyiqRBsrY5ufT.eval,Knowledge Access / Ignorance,Knowledge access,0.9,0.09999999999999999
openrouter/google/gemma-3-12b-it,tom_12dim_mcq,2026-07-14T19:30:47+00:00,file:///Users/Naiti/Documents/Documents_NBMacBookPro/2026/DevToM/devtom-openrouter/logs/2026-07-14T19-30-47-00-00_tom-12dim-mcq_9EbF6pnC3vyiqRBsrY5ufT.eval,Sarcasm,Pragmatic understanding,1.0,0.0
openrouter/google/gemma-3-12b-it,tom_12dim_mcq,2026-07-14T19:30:47+00:00,file:///Users/Naiti/Documents/Documents_NBMacBookPro/2026/DevToM/devtom-openrouter/logs/2026-07-14T19-30-47-00-00_tom-12dim-mcq_9EbF6pnC3vyiqRBsrY5ufT.eval,Second-Order False Belief,Belief reasoning,1.0,0.0
openrouter/google/gemma-3-12b-it,tom_12dim_mcq,2026-07-14T19:30:47+00:00,file:///Users/Naiti/Documents/Documents_NBMacBookPro/2026/DevToM/devtom-openrouter/logs/2026-07-14T19-30-47-00-00_tom-12dim-mcq_9EbF6pnC3vyiqRBsrY5ufT.eval,White Lies / Prosocial Deception,Deception,1.0,0.0
openrouter/google/gemma-3-27b-it,tom_12dim_mcq,2026-07-14T19:31:12+00:00,file:///Users/Naiti/Documents/Documents_NBMacBookPro/2026/DevToM/devtom-openrouter/logs/2026-07-14T19-31-12-00-00_tom-12dim-mcq_aK2C7oDcKCxcJJGBRwsPxr.eval,ALL (overall),ALL (overall),1.0,0.0
openrouter/google/gemma-3-27b-it,tom_12dim_mcq,2026-07-14T19:31:12+00:00,file:///Users/Naiti/Documents/Documents_NBMacBookPro/2026/DevToM/devtom-openrouter/logs/2026-07-14T19-31-12-00-00_tom-12dim-mcq_aK2C7oDcKCxcJJGBRwsPxr.eval,Diverse Beliefs,Belief reasoning,1.0,0.0
openrouter/google/gemma-3-27b-it,tom_12dim_mcq,2026-07-14T19:31:12+00:00,file:///Users/Naiti/Documents/Documents_NBMacBookPro/2026/DevToM/devtom-openrouter/logs/2026-07-14T19-31-12-00-00_tom-12dim-mcq_aK2C7oDcKCxcJJGBRwsPxr.eval,Diverse Desires,Desire / intention inference,1.0,0.0
openrouter/google/gemma-3-27b-it,tom_12dim_mcq,2026-07-14T19:31:12+00:00,file:///Users/Naiti/Documents/Documents_NBMacBookPro/2026/DevToM/devtom-openrouter/logs/2026-07-14T19-31-12-00-00_tom-12dim-mcq_aK2C7oDcKCxcJJGBRwsPxr.eval,Emotion Recognition,Emotion recognition,1.0,0.0
openrouter/google/gemma-3-27b-it,tom_12dim_mcq,2026-07-14T19:31:12+00:00,file:///Users/Naiti/Documents/Documents_NBMacBookPro/2026/DevToM/devtom-openrouter/logs/2026-07-14T19-31-12-00-00_tom-12dim-mcq_aK2C7oDcKCxcJJGBRwsPxr.eval,Faux Pas Detection,Pragmatic understanding,1.0,0.0
openrouter/google/gemma-3-27b-it,tom_12dim_mcq,2026-07-14T19:31:12+00:00,file:///Users/Naiti/Documents/Documents_NBMacBookPro/2026/DevToM/devtom-openrouter/logs/2026-07-14T19-31-12-00-00_tom-12dim-mcq_aK2C7oDcKCxcJJGBRwsPxr.eval,First-Order False Belief,Belief reasoning,1.0,0.0
openrouter/google/gemma-3-27b-it,tom_12dim_mcq,2026-07-14T19:31:12+00:00,file:///Users/Naiti/Documents/Documents_NBMacBookPro/2026/DevToM/devtom-openrouter/logs/2026-07-14T19-31-12-00-00_tom-12dim-mcq_aK2C7oDcKCxcJJGBRwsPxr.eval,Hidden Emotion (Appearance vs. Reality),Emotion recognition,1.0,0.0
openrouter/google/gemma-3-27b-it,tom_12dim_mcq,2026-07-14T19:31:12+00:00,file:///Users/Naiti/Documents/Documents_NBMacBookPro/2026/DevToM/devtom-openrouter/logs/2026-07-14T19-31-12-00-00_tom-12dim-mcq_aK2C7oDcKCxcJJGBRwsPxr.eval,Intention vs. Accident,Desire / intention inference,1.0,0.0
openrouter/google/gemma-3-27b-it,tom_12dim_mcq,2026-07-14T19:31:12+00:00,file:///Users/Naiti/Documents/Documents_NBMacBookPro/2026/DevToM/devtom-openrouter/logs/2026-07-14T19-31-12-00-00_tom-12dim-mcq_aK2C7oDcKCxcJJGBRwsPxr.eval,Irony,Pragmatic understanding,1.0,0.0
openrouter/google/gemma-3-27b-it,tom_12dim_mcq,2026-07-14T19:31:12+00:00,file:///Users/Naiti/Documents/Documents_NBMacBookPro/2026/DevToM/devtom-openrouter/logs/2026-07-14T19-31-12-00-00_tom-12dim-mcq_aK2C7oDcKCxcJJGBRwsPxr.eval,Knowledge Access / Ignorance,Knowledge access,1.0,0.0
openrouter/google/gemma-3-27b-it,tom_12dim_mcq,2026-07-14T19:31:12+00:00,file:///Users/Naiti/Documents/Documents_NBMacBookPro/2026/DevToM/devtom-openrouter/logs/2026-07-14T19-31-12-00-00_tom-12dim-mcq_aK2C7oDcKCxcJJGBRwsPxr.eval,Sarcasm,Pragmatic understanding,1.0,0.0
openrouter/google/gemma-3-27b-it,tom_12dim_mcq,2026-07-14T19:31:12+00:00,file:///Users/Naiti/Documents/Documents_NBMacBookPro/2026/DevToM/devtom-openrouter/logs/2026-07-14T19-31-12-00-00_tom-12dim-mcq_aK2C7oDcKCxcJJGBRwsPxr.eval,Second-Order False Belief,Belief reasoning,1.0,0.0
openrouter/google/gemma-3-27b-it,tom_12dim_mcq,2026-07-14T19:31:12+00:00,file:///Users/Naiti/Documents/Documents_NBMacBookPro/2026/DevToM/devtom-openrouter/logs/2026-07-14T19-31-12-00-00_tom-12dim-mcq_aK2C7oDcKCxcJJGBRwsPxr.eval,White Lies / Prosocial Deception,Deception,1.0,0.0
openrouter/google/gemma-3-4b-it,tom_12dim_mcq,2026-07-14T19:30:26+00:00,file:///Users/Naiti/Documents/Documents_NBMacBookPro/2026/DevToM/devtom-openrouter/logs/2026-07-14T19-30-26-00-00_tom-12dim-mcq_Zwp6YYgQhkJqXF483XMuTV.eval,ALL (overall),ALL (overall),0.8951612903225806,0.02762224192619441
openrouter/google/gemma-3-4b-it,tom_12dim_mcq,2026-07-14T19:30:26+00:00,file:///Users/Naiti/Documents/Documents_NBMacBookPro/2026/DevToM/devtom-openrouter/logs/2026-07-14T19-30-26-00-00_tom-12dim-mcq_Zwp6YYgQhkJqXF483XMuTV.eval,Diverse Beliefs,Belief reasoning,1.0,0.0
openrouter/google/gemma-3-4b-it,tom_12dim_mcq,2026-07-14T19:30:26+00:00,file:///Users/Naiti/Documents/Documents_NBMacBookPro/2026/DevToM/devtom-openrouter/logs/2026-07-14T19-30-26-00-00_tom-12dim-mcq_Zwp6YYgQhkJqXF483XMuTV.eval,Diverse Desires,Desire / intention inference,0.9,0.09999999999999999
openrouter/google/gemma-3-4b-it,tom_12dim_mcq,2026-07-14T19:30:26+00:00,file:///Users/Naiti/Documents/Documents_NBMacBookPro/2026/DevToM/devtom-openrouter/logs/2026-07-14T19-30-26-00-00_tom-12dim-mcq_Zwp6YYgQhkJqXF483XMuTV.eval,Emotion Recognition,Emotion recognition,1.0,0.0
openrouter/google/gemma-3-4b-it,tom_12dim_mcq,2026-07-14T19:30:26+00:00,file:///Users/Naiti/Documents/Documents_NBMacBookPro/2026/DevToM/devtom-openrouter/logs/2026-07-14T19-30-26-00-00_tom-12dim-mcq_Zwp6YYgQhkJqXF483XMuTV.eval,Faux Pas Detection,Pragmatic understanding,0.9,0.09999999999999999
openrouter/google/gemma-3-4b-it,tom_12dim_mcq,2026-07-14T19:30:26+00:00,file:///Users/Naiti/Documents/Documents_NBMacBookPro/2026/DevToM/devtom-openrouter/logs/2026-07-14T19-30-26-00-00_tom-12dim-mcq_Zwp6YYgQhkJqXF483XMuTV.eval,First-Order False Belief,Belief reasoning,0.6666666666666666,0.1421338109037403
openrouter/google/gemma-3-4b-it,tom_12dim_mcq,2026-07-14T19:30:26+00:00,file:///Users/Naiti/Documents/Documents_NBMacBookPro/2026/DevToM/devtom-openrouter/logs/2026-07-14T19-30-26-00-00_tom-12dim-mcq_Zwp6YYgQhkJqXF483XMuTV.eval,Hidden Emotion (Appearance vs. Reality),Emotion recognition,0.9,0.09999999999999999
openrouter/google/gemma-3-4b-it,tom_12dim_mcq,2026-07-14T19:30:26+00:00,file:///Users/Naiti/Documents/Documents_NBMacBookPro/2026/DevToM/devtom-openrouter/logs/2026-07-14T19-30-26-00-00_tom-12dim-mcq_Zwp6YYgQhkJqXF483XMuTV.eval,Intention vs. Accident,Desire / intention inference,1.0,0.0
openrouter/google/gemma-3-4b-it,tom_12dim_mcq,2026-07-14T19:30:26+00:00,file:///Users/Naiti/Documents/Documents_NBMacBookPro/2026/DevToM/devtom-openrouter/logs/2026-07-14T19-30-26-00-00_tom-12dim-mcq_Zwp6YYgQhkJqXF483XMuTV.eval,Irony,Pragmatic understanding,1.0,0.0
openrouter/google/gemma-3-4b-it,tom_12dim_mcq,2026-07-14T19:30:26+00:00,file:///Users/Naiti/Documents/Documents_NBMacBookPro/2026/DevToM/devtom-openrouter/logs/2026-07-14T19-30-26-00-00_tom-12dim-mcq_Zwp6YYgQhkJqXF483XMuTV.eval,Knowledge Access / Ignorance,Knowledge access,0.8,0.13333333333333333
openrouter/google/gemma-3-4b-it,tom_12dim_mcq,2026-07-14T19:30:26+00:00,file:///Users/Naiti/Documents/Documents_NBMacBookPro/2026/DevToM/devtom-openrouter/logs/2026-07-14T19-30-26-00-00_tom-12dim-mcq_Zwp6YYgQhkJqXF483XMuTV.eval,Sarcasm,Pragmatic understanding,1.0,0.0
openrouter/google/gemma-3-4b-it,tom_12dim_mcq,2026-07-14T19:30:26+00:00,file:///Users/Naiti/Documents/Documents_NBMacBookPro/2026/DevToM/devtom-openrouter/logs/2026-07-14T19-30-26-00-00_tom-12dim-mcq_Zwp6YYgQhkJqXF483XMuTV.eval,Second-Order False Belief,Belief reasoning,0.6,0.16329931618554522
openrouter/google/gemma-3-4b-it,tom_12dim_mcq,2026-07-14T19:30:26+00:00,file:///Users/Naiti/Documents/Documents_NBMacBookPro/2026/DevToM/devtom-openrouter/logs/2026-07-14T19-30-26-00-00_tom-12dim-mcq_Zwp6YYgQhkJqXF483XMuTV.eval,White Lies / Prosocial Deception,Deception,1.0,0.0
openrouter/meta-llama/llama-3.1-70b-instruct,tom_12dim_mcq,2026-07-14T19:21:30+00:00,file:///Users/Naiti/Documents/Documents_NBMacBookPro/2026/DevToM/devtom-openrouter/logs/2026-07-14T19-21-30-00-00_tom-12dim-mcq_7AmKq3jQZYeaRKTLQzNUq8.eval,ALL (overall),ALL (overall),0.9838709677419355,0.011358491890219653
openrouter/meta-llama/llama-3.1-70b-instruct,tom_12dim_mcq,2026-07-14T19:21:30+00:00,file:///Users/Naiti/Documents/Documents_NBMacBookPro/2026/DevToM/devtom-openrouter/logs/2026-07-14T19-21-30-00-00_tom-12dim-mcq_7AmKq3jQZYeaRKTLQzNUq8.eval,Diverse Beliefs,Belief reasoning,1.0,0.0
openrouter/meta-llama/llama-3.1-70b-instruct,tom_12dim_mcq,2026-07-14T19:21:30+00:00,file:///Users/Naiti/Documents/Documents_NBMacBookPro/2026/DevToM/devtom-openrouter/logs/2026-07-14T19-21-30-00-00_tom-12dim-mcq_7AmKq3jQZYeaRKTLQzNUq8.eval,Diverse Desires,Desire / intention inference,1.0,0.0
openrouter/meta-llama/llama-3.1-70b-instruct,tom_12dim_mcq,2026-07-14T19:21:30+00:00,file:///Users/Naiti/Documents/Documents_NBMacBookPro/2026/DevToM/devtom-openrouter/logs/2026-07-14T19-21-30-00-00_tom-12dim-mcq_7AmKq3jQZYeaRKTLQzNUq8.eval,Emotion Recognition,Emotion recognition,1.0,0.0
openrouter/meta-llama/llama-3.1-70b-instruct,tom_12dim_mcq,2026-07-14T19:21:30+00:00,file:///Users/Naiti/Documents/Documents_NBMacBookPro/2026/DevToM/devtom-openrouter/logs/2026-07-14T19-21-30-00-00_tom-12dim-mcq_7AmKq3jQZYeaRKTLQzNUq8.eval,Faux Pas Detection,Pragmatic understanding,1.0,0.0
openrouter/meta-llama/llama-3.1-70b-instruct,tom_12dim_mcq,2026-07-14T19:21:30+00:00,file:///Users/Naiti/Documents/Documents_NBMacBookPro/2026/DevToM/devtom-openrouter/logs/2026-07-14T19-21-30-00-00_tom-12dim-mcq_7AmKq3jQZYeaRKTLQzNUq8.eval,First-Order False Belief,Belief reasoning,0.9166666666666666,0.08333333333333333
openrouter/meta-llama/llama-3.1-70b-instruct,tom_12dim_mcq,2026-07-14T19:21:30+00:00,file:///Users/Naiti/Documents/Documents_NBMacBookPro/2026/DevToM/devtom-openrouter/logs/2026-07-14T19-21-30-00-00_tom-12dim-mcq_7AmKq3jQZYeaRKTLQzNUq8.eval,Hidden Emotion (Appearance vs. Reality),Emotion recognition,1.0,0.0
openrouter/meta-llama/llama-3.1-70b-instruct,tom_12dim_mcq,2026-07-14T19:21:30+00:00,file:///Users/Naiti/Documents/Documents_NBMacBookPro/2026/DevToM/devtom-openrouter/logs/2026-07-14T19-21-30-00-00_tom-12dim-mcq_7AmKq3jQZYeaRKTLQzNUq8.eval,Intention vs. Accident,Desire / intention inference,0.9,0.09999999999999999
openrouter/meta-llama/llama-3.1-70b-instruct,tom_12dim_mcq,2026-07-14T19:21:30+00:00,file:///Users/Naiti/Documents/Documents_NBMacBookPro/2026/DevToM/devtom-openrouter/logs/2026-07-14T19-21-30-00-00_tom-12dim-mcq_7AmKq3jQZYeaRKTLQzNUq8.eval,Irony,Pragmatic understanding,1.0,0.0
openrouter/meta-llama/llama-3.1-70b-instruct,tom_12dim_mcq,2026-07-14T19:21:30+00:00,file:///Users/Naiti/Documents/Documents_NBMacBookPro/2026/DevToM/devtom-openrouter/logs/2026-07-14T19-21-30-00-00_tom-12dim-mcq_7AmKq3jQZYeaRKTLQzNUq8.eval,Knowledge Access / Ignorance,Knowledge access,1.0,0.0
openrouter/meta-llama/llama-3.1-70b-instruct,tom_12dim_mcq,2026-07-14T19:21:30+00:00,file:///Users/Naiti/Documents/Documents_NBMacBookPro/2026/DevToM/devtom-openrouter/logs/2026-07-14T19-21-30-00-00_tom-12dim-mcq_7AmKq3jQZYeaRKTLQzNUq8.eval,Sarcasm,Pragmatic understanding,1.0,0.0
openrouter/meta-llama/llama-3.1-70b-instruct,tom_12dim_mcq,2026-07-14T19:21:30+00:00,file:///Users/Naiti/Documents/Documents_NBMacBookPro/2026/DevToM/devtom-openrouter/logs/2026-07-14T19-21-30-00-00_tom-12dim-mcq_7AmKq3jQZYeaRKTLQzNUq8.eval,Second-Order False Belief,Belief reasoning,1.0,0.0
openrouter/meta-llama/llama-3.1-70b-instruct,tom_12dim_mcq,2026-07-14T19:21:30+00:00,file:///Users/Naiti/Documents/Documents_NBMacBookPro/2026/DevToM/devtom-openrouter/logs/2026-07-14T19-21-30-00-00_tom-12dim-mcq_7AmKq3jQZYeaRKTLQzNUq8.eval,White Lies / Prosocial Deception,Deception,1.0,0.0
openrouter/meta-llama/llama-3.1-8b-instruct,tom_12dim_mcq,2026-07-14T19:19:52+00:00,file:///Users/Naiti/Documents/Documents_NBMacBookPro/2026/DevToM/devtom-openrouter/logs/2026-07-14T19-19-52-00-00_tom-12dim-mcq_3Z8JibRcFpDqSTjBLbNb6K.eval,ALL (overall),ALL (overall),0.8790322580645161,0.029402525657030037
openrouter/meta-llama/llama-3.1-8b-instruct,tom_12dim_mcq,2026-07-14T19:19:52+00:00,file:///Users/Naiti/Documents/Documents_NBMacBookPro/2026/DevToM/devtom-openrouter/logs/2026-07-14T19-19-52-00-00_tom-12dim-mcq_3Z8JibRcFpDqSTjBLbNb6K.eval,Diverse Beliefs,Belief reasoning,1.0,0.0
openrouter/meta-llama/llama-3.1-8b-instruct,tom_12dim_mcq,2026-07-14T19:19:52+00:00,file:///Users/Naiti/Documents/Documents_NBMacBookPro/2026/DevToM/devtom-openrouter/logs/2026-07-14T19-19-52-00-00_tom-12dim-mcq_3Z8JibRcFpDqSTjBLbNb6K.eval,Diverse Desires,Desire / intention inference,1.0,0.0
openrouter/meta-llama/llama-3.1-8b-instruct,tom_12dim_mcq,2026-07-14T19:19:52+00:00,file:///Users/Naiti/Documents/Documents_NBMacBookPro/2026/DevToM/devtom-openrouter/logs/2026-07-14T19-19-52-00-00_tom-12dim-mcq_3Z8JibRcFpDqSTjBLbNb6K.eval,Emotion Recognition,Emotion recognition,1.0,0.0
openrouter/meta-llama/llama-3.1-8b-instruct,tom_12dim_mcq,2026-07-14T19:19:52+00:00,file:///Users/Naiti/Documents/Documents_NBMacBookPro/2026/DevToM/devtom-openrouter/logs/2026-07-14T19-19-52-00-00_tom-12dim-mcq_3Z8JibRcFpDqSTjBLbNb6K.eval,Faux Pas Detection,Pragmatic understanding,0.9,0.09999999999999999
openrouter/meta-llama/llama-3.1-8b-instruct,tom_12dim_mcq,2026-07-14T19:19:52+00:00,file:///Users/Naiti/Documents/Documents_NBMacBookPro/2026/DevToM/devtom-openrouter/logs/2026-07-14T19-19-52-00-00_tom-12dim-mcq_3Z8JibRcFpDqSTjBLbNb6K.eval,First-Order False Belief,Belief reasoning,0.5,0.15075567228888181
openrouter/meta-llama/llama-3.1-8b-instruct,tom_12dim_mcq,2026-07-14T19:19:52+00:00,file:///Users/Naiti/Documents/Documents_NBMacBookPro/2026/DevToM/devtom-openrouter/logs/2026-07-14T19-19-52-00-00_tom-12dim-mcq_3Z8JibRcFpDqSTjBLbNb6K.eval,Hidden Emotion (Appearance vs. Reality),Emotion recognition,0.9,0.09999999999999999
openrouter/meta-llama/llama-3.1-8b-instruct,tom_12dim_mcq,2026-07-14T19:19:52+00:00,file:///Users/Naiti/Documents/Documents_NBMacBookPro/2026/DevToM/devtom-openrouter/logs/2026-07-14T19-19-52-00-00_tom-12dim-mcq_3Z8JibRcFpDqSTjBLbNb6K.eval,Intention vs. Accident,Desire / intention inference,1.0,0.0
openrouter/meta-llama/llama-3.1-8b-instruct,tom_12dim_mcq,2026-07-14T19:19:52+00:00,file:///Users/Naiti/Documents/Documents_NBMacBookPro/2026/DevToM/devtom-openrouter/logs/2026-07-14T19-19-52-00-00_tom-12dim-mcq_3Z8JibRcFpDqSTjBLbNb6K.eval,Irony,Pragmatic understanding,1.0,0.0
openrouter/meta-llama/llama-3.1-8b-instruct,tom_12dim_mcq,2026-07-14T19:19:52+00:00,file:///Users/Naiti/Documents/Documents_NBMacBookPro/2026/DevToM/devtom-openrouter/logs/2026-07-14T19-19-52-00-00_tom-12dim-mcq_3Z8JibRcFpDqSTjBLbNb6K.eval,Knowledge Access / Ignorance,Knowledge access,0.8,0.13333333333333333
openrouter/meta-llama/llama-3.1-8b-instruct,tom_12dim_mcq,2026-07-14T19:19:52+00:00,file:///Users/Naiti/Documents/Documents_NBMacBookPro/2026/DevToM/devtom-openrouter/logs/2026-07-14T19-19-52-00-00_tom-12dim-mcq_3Z8JibRcFpDqSTjBLbNb6K.eval,Sarcasm,Pragmatic understanding,0.9,0.09999999999999999
openrouter/meta-llama/llama-3.1-8b-instruct,tom_12dim_mcq,2026-07-14T19:19:52+00:00,file:///Users/Naiti/Documents/Documents_NBMacBookPro/2026/DevToM/devtom-openrouter/logs/2026-07-14T19-19-52-00-00_tom-12dim-mcq_3Z8JibRcFpDqSTjBLbNb6K.eval,Second-Order False Belief,Belief reasoning,0.7,0.15275252316519464
openrouter/meta-llama/llama-3.1-8b-instruct,tom_12dim_mcq,2026-07-14T19:19:52+00:00,file:///Users/Naiti/Documents/Documents_NBMacBookPro/2026/DevToM/devtom-openrouter/logs/2026-07-14T19-19-52-00-00_tom-12dim-mcq_3Z8JibRcFpDqSTjBLbNb6K.eval,White Lies / Prosocial Deception,Deception,0.9,0.09999999999999999
openrouter/meta-llama/llama-3.2-3b-instruct,tom_12dim_mcq,2026-07-14T19:24:19+00:00,file:///Users/Naiti/Documents/Documents_NBMacBookPro/2026/DevToM/devtom-openrouter/logs/2026-07-14T19-24-19-00-00_tom-12dim-mcq_UCFp7v7VEWAGnbtGkKGtn6.eval,ALL (overall),ALL (overall),0.6854838709677419,0.04186658383919576
openrouter/meta-llama/llama-3.2-3b-instruct,tom_12dim_mcq,2026-07-14T19:24:19+00:00,file:///Users/Naiti/Documents/Documents_NBMacBookPro/2026/DevToM/devtom-openrouter/logs/2026-07-14T19-24-19-00-00_tom-12dim-mcq_UCFp7v7VEWAGnbtGkKGtn6.eval,Diverse Beliefs,Belief reasoning,1.0,0.0
openrouter/meta-llama/llama-3.2-3b-instruct,tom_12dim_mcq,2026-07-14T19:24:19+00:00,file:///Users/Naiti/Documents/Documents_NBMacBookPro/2026/DevToM/devtom-openrouter/logs/2026-07-14T19-24-19-00-00_tom-12dim-mcq_UCFp7v7VEWAGnbtGkKGtn6.eval,Diverse Desires,Desire / intention inference,0.6,0.16329931618554522
openrouter/meta-llama/llama-3.2-3b-instruct,tom_12dim_mcq,2026-07-14T19:24:19+00:00,file:///Users/Naiti/Documents/Documents_NBMacBookPro/2026/DevToM/devtom-openrouter/logs/2026-07-14T19-24-19-00-00_tom-12dim-mcq_UCFp7v7VEWAGnbtGkKGtn6.eval,Emotion Recognition,Emotion recognition,0.9166666666666666,0.08333333333333333
openrouter/meta-llama/llama-3.2-3b-instruct,tom_12dim_mcq,2026-07-14T19:24:19+00:00,file:///Users/Naiti/Documents/Documents_NBMacBookPro/2026/DevToM/devtom-openrouter/logs/2026-07-14T19-24-19-00-00_tom-12dim-mcq_UCFp7v7VEWAGnbtGkKGtn6.eval,Faux Pas Detection,Pragmatic understanding,0.6,0.1632993161855452
openrouter/meta-llama/llama-3.2-3b-instruct,tom_12dim_mcq,2026-07-14T19:24:19+00:00,file:///Users/Naiti/Documents/Documents_NBMacBookPro/2026/DevToM/devtom-openrouter/logs/2026-07-14T19-24-19-00-00_tom-12dim-mcq_UCFp7v7VEWAGnbtGkKGtn6.eval,First-Order False Belief,Belief reasoning,0.5833333333333334,0.1486470975026408
openrouter/meta-llama/llama-3.2-3b-instruct,tom_12dim_mcq,2026-07-14T19:24:19+00:00,file:///Users/Naiti/Documents/Documents_NBMacBookPro/2026/DevToM/devtom-openrouter/logs/2026-07-14T19-24-19-00-00_tom-12dim-mcq_UCFp7v7VEWAGnbtGkKGtn6.eval,Hidden Emotion (Appearance vs. Reality),Emotion recognition,0.6,0.1632993161855452
openrouter/meta-llama/llama-3.2-3b-instruct,tom_12dim_mcq,2026-07-14T19:24:19+00:00,file:///Users/Naiti/Documents/Documents_NBMacBookPro/2026/DevToM/devtom-openrouter/logs/2026-07-14T19-24-19-00-00_tom-12dim-mcq_UCFp7v7VEWAGnbtGkKGtn6.eval,Intention vs. Accident,Desire / intention inference,0.5,0.16666666666666666
openrouter/meta-llama/llama-3.2-3b-instruct,tom_12dim_mcq,2026-07-14T19:24:19+00:00,file:///Users/Naiti/Documents/Documents_NBMacBookPro/2026/DevToM/devtom-openrouter/logs/2026-07-14T19-24-19-00-00_tom-12dim-mcq_UCFp7v7VEWAGnbtGkKGtn6.eval,Irony,Pragmatic understanding,0.8,0.13333333333333333
openrouter/meta-llama/llama-3.2-3b-instruct,tom_12dim_mcq,2026-07-14T19:24:19+00:00,file:///Users/Naiti/Documents/Documents_NBMacBookPro/2026/DevToM/devtom-openrouter/logs/2026-07-14T19-24-19-00-00_tom-12dim-mcq_UCFp7v7VEWAGnbtGkKGtn6.eval,Knowledge Access / Ignorance,Knowledge access,0.4,0.16329931618554522
openrouter/meta-llama/llama-3.2-3b-instruct,tom_12dim_mcq,2026-07-14T19:24:19+00:00,file:///Users/Naiti/Documents/Documents_NBMacBookPro/2026/DevToM/devtom-openrouter/logs/2026-07-14T19-24-19-00-00_tom-12dim-mcq_UCFp7v7VEWAGnbtGkKGtn6.eval,Sarcasm,Pragmatic understanding,1.0,0.0
openrouter/meta-llama/llama-3.2-3b-instruct,tom_12dim_mcq,2026-07-14T19:24:19+00:00,file:///Users/Naiti/Documents/Documents_NBMacBookPro/2026/DevToM/devtom-openrouter/logs/2026-07-14T19-24-19-00-00_tom-12dim-mcq_UCFp7v7VEWAGnbtGkKGtn6.eval,Second-Order False Belief,Belief reasoning,0.5,0.16666666666666666
openrouter/meta-llama/llama-3.2-3b-instruct,tom_12dim_mcq,2026-07-14T19:24:19+00:00,file:///Users/Naiti/Documents/Documents_NBMacBookPro/2026/DevToM/devtom-openrouter/logs/2026-07-14T19-24-19-00-00_tom-12dim-mcq_UCFp7v7VEWAGnbtGkKGtn6.eval,White Lies / Prosocial Deception,Deception,0.7,0.15275252316519464
openrouter/meta-llama/llama-3.3-70b-instruct,tom_12dim_mcq,2026-07-14T19:25:50+00:00,file:///Users/Naiti/Documents/Documents_NBMacBookPro/2026/DevToM/devtom-openrouter/logs/2026-07-14T19-25-50-00-00_tom-12dim-mcq_K8mTBDdRTeKSuevuFqiHYJ.eval,ALL (overall),ALL (overall),1.0,0.0
openrouter/meta-llama/llama-3.3-70b-instruct,tom_12dim_mcq,2026-07-14T19:25:50+00:00,file:///Users/Naiti/Documents/Documents_NBMacBookPro/2026/DevToM/devtom-openrouter/logs/2026-07-14T19-25-50-00-00_tom-12dim-mcq_K8mTBDdRTeKSuevuFqiHYJ.eval,Diverse Beliefs,Belief reasoning,1.0,0.0
openrouter/meta-llama/llama-3.3-70b-instruct,tom_12dim_mcq,2026-07-14T19:25:50+00:00,file:///Users/Naiti/Documents/Documents_NBMacBookPro/2026/DevToM/devtom-openrouter/logs/2026-07-14T19-25-50-00-00_tom-12dim-mcq_K8mTBDdRTeKSuevuFqiHYJ.eval,Diverse Desires,Desire / intention inference,1.0,0.0
openrouter/meta-llama/llama-3.3-70b-instruct,tom_12dim_mcq,2026-07-14T19:25:50+00:00,file:///Users/Naiti/Documents/Documents_NBMacBookPro/2026/DevToM/devtom-openrouter/logs/2026-07-14T19-25-50-00-00_tom-12dim-mcq_K8mTBDdRTeKSuevuFqiHYJ.eval,Emotion Recognition,Emotion recognition,1.0,0.0
openrouter/meta-llama/llama-3.3-70b-instruct,tom_12dim_mcq,2026-07-14T19:25:50+00:00,file:///Users/Naiti/Documents/Documents_NBMacBookPro/2026/DevToM/devtom-openrouter/logs/2026-07-14T19-25-50-00-00_tom-12dim-mcq_K8mTBDdRTeKSuevuFqiHYJ.eval,Faux Pas Detection,Pragmatic understanding,1.0,0.0
openrouter/meta-llama/llama-3.3-70b-instruct,tom_12dim_mcq,2026-07-14T19:25:50+00:00,file:///Users/Naiti/Documents/Documents_NBMacBookPro/2026/DevToM/devtom-openrouter/logs/2026-07-14T19-25-50-00-00_tom-12dim-mcq_K8mTBDdRTeKSuevuFqiHYJ.eval,First-Order False Belief,Belief reasoning,1.0,0.0
openrouter/meta-llama/llama-3.3-70b-instruct,tom_12dim_mcq,2026-07-14T19:25:50+00:00,file:///Users/Naiti/Documents/Documents_NBMacBookPro/2026/DevToM/devtom-openrouter/logs/2026-07-14T19-25-50-00-00_tom-12dim-mcq_K8mTBDdRTeKSuevuFqiHYJ.eval,Hidden Emotion (Appearance vs. Reality),Emotion recognition,1.0,0.0
openrouter/meta-llama/llama-3.3-70b-instruct,tom_12dim_mcq,2026-07-14T19:25:50+00:00,file:///Users/Naiti/Documents/Documents_NBMacBookPro/2026/DevToM/devtom-openrouter/logs/2026-07-14T19-25-50-00-00_tom-12dim-mcq_K8mTBDdRTeKSuevuFqiHYJ.eval,Intention vs. Accident,Desire / intention inference,1.0,0.0
openrouter/meta-llama/llama-3.3-70b-instruct,tom_12dim_mcq,2026-07-14T19:25:50+00:00,file:///Users/Naiti/Documents/Documents_NBMacBookPro/2026/DevToM/devtom-openrouter/logs/2026-07-14T19-25-50-00-00_tom-12dim-mcq_K8mTBDdRTeKSuevuFqiHYJ.eval,Irony,Pragmatic understanding,1.0,0.0
openrouter/meta-llama/llama-3.3-70b-instruct,tom_12dim_mcq,2026-07-14T19:25:50+00:00,file:///Users/Naiti/Documents/Documents_NBMacBookPro/2026/DevToM/devtom-openrouter/logs/2026-07-14T19-25-50-00-00_tom-12dim-mcq_K8mTBDdRTeKSuevuFqiHYJ.eval,Knowledge Access / Ignorance,Knowledge access,1.0,0.0
openrouter/meta-llama/llama-3.3-70b-instruct,tom_12dim_mcq,2026-07-14T19:25:50+00:00,file:///Users/Naiti/Documents/Documents_NBMacBookPro/2026/DevToM/devtom-openrouter/logs/2026-07-14T19-25-50-00-00_tom-12dim-mcq_K8mTBDdRTeKSuevuFqiHYJ.eval,Sarcasm,Pragmatic understanding,1.0,0.0
openrouter/meta-llama/llama-3.3-70b-instruct,tom_12dim_mcq,2026-07-14T19:25:50+00:00,file:///Users/Naiti/Documents/Documents_NBMacBookPro/2026/DevToM/devtom-openrouter/logs/2026-07-14T19-25-50-00-00_tom-12dim-mcq_K8mTBDdRTeKSuevuFqiHYJ.eval,Second-Order False Belief,Belief reasoning,1.0,0.0
openrouter/meta-llama/llama-3.3-70b-instruct,tom_12dim_mcq,2026-07-14T19:25:50+00:00,file:///Users/Naiti/Documents/Documents_NBMacBookPro/2026/DevToM/devtom-openrouter/logs/2026-07-14T19-25-50-00-00_tom-12dim-mcq_K8mTBDdRTeKSuevuFqiHYJ.eval,White Lies / Prosocial Deception,Deception,1.0,0.0
openrouter/meta-llama/llama-4-maverick,tom_12dim_mcq,2026-07-14T19:35:38+00:00,file:///Users/Naiti/Documents/Documents_NBMacBookPro/2026/DevToM/devtom-openrouter/logs/2026-07-14T19-35-38-00-00_tom-12dim-mcq_F7ePoUxPoCCBMoqndzyuTm.eval,ALL (overall),ALL (overall),1.0,0.0
openrouter/meta-llama/llama-4-maverick,tom_12dim_mcq,2026-07-14T19:35:38+00:00,file:///Users/Naiti/Documents/Documents_NBMacBookPro/2026/DevToM/devtom-openrouter/logs/2026-07-14T19-35-38-00-00_tom-12dim-mcq_F7ePoUxPoCCBMoqndzyuTm.eval,Diverse Beliefs,Belief reasoning,1.0,0.0
openrouter/meta-llama/llama-4-maverick,tom_12dim_mcq,2026-07-14T19:35:38+00:00,file:///Users/Naiti/Documents/Documents_NBMacBookPro/2026/DevToM/devtom-openrouter/logs/2026-07-14T19-35-38-00-00_tom-12dim-mcq_F7ePoUxPoCCBMoqndzyuTm.eval,Diverse Desires,Desire / intention inference,1.0,0.0
openrouter/meta-llama/llama-4-maverick,tom_12dim_mcq,2026-07-14T19:35:38+00:00,file:///Users/Naiti/Documents/Documents_NBMacBookPro/2026/DevToM/devtom-openrouter/logs/2026-07-14T19-35-38-00-00_tom-12dim-mcq_F7ePoUxPoCCBMoqndzyuTm.eval,Emotion Recognition,Emotion recognition,1.0,0.0
openrouter/meta-llama/llama-4-maverick,tom_12dim_mcq,2026-07-14T19:35:38+00:00,file:///Users/Naiti/Documents/Documents_NBMacBookPro/2026/DevToM/devtom-openrouter/logs/2026-07-14T19-35-38-00-00_tom-12dim-mcq_F7ePoUxPoCCBMoqndzyuTm.eval,Faux Pas Detection,Pragmatic understanding,1.0,0.0
openrouter/meta-llama/llama-4-maverick,tom_12dim_mcq,2026-07-14T19:35:38+00:00,file:///Users/Naiti/Documents/Documents_NBMacBookPro/2026/DevToM/devtom-openrouter/logs/2026-07-14T19-35-38-00-00_tom-12dim-mcq_F7ePoUxPoCCBMoqndzyuTm.eval,First-Order False Belief,Belief reasoning,1.0,0.0
openrouter/meta-llama/llama-4-maverick,tom_12dim_mcq,2026-07-14T19:35:38+00:00,file:///Users/Naiti/Documents/Documents_NBMacBookPro/2026/DevToM/devtom-openrouter/logs/2026-07-14T19-35-38-00-00_tom-12dim-mcq_F7ePoUxPoCCBMoqndzyuTm.eval,Hidden Emotion (Appearance vs. Reality),Emotion recognition,1.0,0.0
openrouter/meta-llama/llama-4-maverick,tom_12dim_mcq,2026-07-14T19:35:38+00:00,file:///Users/Naiti/Documents/Documents_NBMacBookPro/2026/DevToM/devtom-openrouter/logs/2026-07-14T19-35-38-00-00_tom-12dim-mcq_F7ePoUxPoCCBMoqndzyuTm.eval,Intention vs. Accident,Desire / intention inference,1.0,0.0
openrouter/meta-llama/llama-4-maverick,tom_12dim_mcq,2026-07-14T19:35:38+00:00,file:///Users/Naiti/Documents/Documents_NBMacBookPro/2026/DevToM/devtom-openrouter/logs/2026-07-14T19-35-38-00-00_tom-12dim-mcq_F7ePoUxPoCCBMoqndzyuTm.eval,Irony,Pragmatic understanding,1.0,0.0
openrouter/meta-llama/llama-4-maverick,tom_12dim_mcq,2026-07-14T19:35:38+00:00,file:///Users/Naiti/Documents/Documents_NBMacBookPro/2026/DevToM/devtom-openrouter/logs/2026-07-14T19-35-38-00-00_tom-12dim-mcq_F7ePoUxPoCCBMoqndzyuTm.eval,Knowledge Access / Ignorance,Knowledge access,1.0,0.0
openrouter/meta-llama/llama-4-maverick,tom_12dim_mcq,2026-07-14T19:35:38+00:00,file:///Users/Naiti/Documents/Documents_NBMacBookPro/2026/DevToM/devtom-openrouter/logs/2026-07-14T19-35-38-00-00_tom-12dim-mcq_F7ePoUxPoCCBMoqndzyuTm.eval,Sarcasm,Pragmatic understanding,1.0,0.0
openrouter/meta-llama/llama-4-maverick,tom_12dim_mcq,2026-07-14T19:35:38+00:00,file:///Users/Naiti/Documents/Documents_NBMacBookPro/2026/DevToM/devtom-openrouter/logs/2026-07-14T19-35-38-00-00_tom-12dim-mcq_F7ePoUxPoCCBMoqndzyuTm.eval,Second-Order False Belief,Belief reasoning,1.0,0.0
openrouter/meta-llama/llama-4-maverick,tom_12dim_mcq,2026-07-14T19:35:38+00:00,file:///Users/Naiti/Documents/Documents_NBMacBookPro/2026/DevToM/devtom-openrouter/logs/2026-07-14T19-35-38-00-00_tom-12dim-mcq_F7ePoUxPoCCBMoqndzyuTm.eval,White Lies / Prosocial Deception,Deception,1.0,0.0
openrouter/meta-llama/llama-4-scout,tom_12dim_mcq,2026-07-14T19:34:22+00:00,file:///Users/Naiti/Documents/Documents_NBMacBookPro/2026/DevToM/devtom-openrouter/logs/2026-07-14T19-34-22-00-00_tom-12dim-mcq_no9foEwuiPDw7PxVN476R3.eval,ALL (overall),ALL (overall),0.9919354838709677,0.00806451612903226
openrouter/meta-llama/llama-4-scout,tom_12dim_mcq,2026-07-14T19:34:22+00:00,file:///Users/Naiti/Documents/Documents_NBMacBookPro/2026/DevToM/devtom-openrouter/logs/2026-07-14T19-34-22-00-00_tom-12dim-mcq_no9foEwuiPDw7PxVN476R3.eval,Diverse Beliefs,Belief reasoning,1.0,0.0
openrouter/meta-llama/llama-4-scout,tom_12dim_mcq,2026-07-14T19:34:22+00:00,file:///Users/Naiti/Documents/Documents_NBMacBookPro/2026/DevToM/devtom-openrouter/logs/2026-07-14T19-34-22-00-00_tom-12dim-mcq_no9foEwuiPDw7PxVN476R3.eval,Diverse Desires,Desire / intention inference,1.0,0.0
openrouter/meta-llama/llama-4-scout,tom_12dim_mcq,2026-07-14T19:34:22+00:00,file:///Users/Naiti/Documents/Documents_NBMacBookPro/2026/DevToM/devtom-openrouter/logs/2026-07-14T19-34-22-00-00_tom-12dim-mcq_no9foEwuiPDw7PxVN476R3.eval,Emotion Recognition,Emotion recognition,1.0,0.0
openrouter/meta-llama/llama-4-scout,tom_12dim_mcq,2026-07-14T19:34:22+00:00,file:///Users/Naiti/Documents/Documents_NBMacBookPro/2026/DevToM/devtom-openrouter/logs/2026-07-14T19-34-22-00-00_tom-12dim-mcq_no9foEwuiPDw7PxVN476R3.eval,Faux Pas Detection,Pragmatic understanding,1.0,0.0
openrouter/meta-llama/llama-4-scout,tom_12dim_mcq,2026-07-14T19:34:22+00:00,file:///Users/Naiti/Documents/Documents_NBMacBookPro/2026/DevToM/devtom-openrouter/logs/2026-07-14T19-34-22-00-00_tom-12dim-mcq_no9foEwuiPDw7PxVN476R3.eval,First-Order False Belief,Belief reasoning,1.0,0.0
openrouter/meta-llama/llama-4-scout,tom_12dim_mcq,2026-07-14T19:34:22+00:00,file:///Users/Naiti/Documents/Documents_NBMacBookPro/2026/DevToM/devtom-openrouter/logs/2026-07-14T19-34-22-00-00_tom-12dim-mcq_no9foEwuiPDw7PxVN476R3.eval,Hidden Emotion (Appearance vs. Reality),Emotion recognition,1.0,0.0
openrouter/meta-llama/llama-4-scout,tom_12dim_mcq,2026-07-14T19:34:22+00:00,file:///Users/Naiti/Documents/Documents_NBMacBookPro/2026/DevToM/devtom-openrouter/logs/2026-07-14T19-34-22-00-00_tom-12dim-mcq_no9foEwuiPDw7PxVN476R3.eval,Intention vs. Accident,Desire / intention inference,1.0,0.0
openrouter/meta-llama/llama-4-scout,tom_12dim_mcq,2026-07-14T19:34:22+00:00,file:///Users/Naiti/Documents/Documents_NBMacBookPro/2026/DevToM/devtom-openrouter/logs/2026-07-14T19-34-22-00-00_tom-12dim-mcq_no9foEwuiPDw7PxVN476R3.eval,Irony,Pragmatic understanding,0.9,0.09999999999999999
openrouter/meta-llama/llama-4-scout,tom_12dim_mcq,2026-07-14T19:34:22+00:00,file:///Users/Naiti/Documents/Documents_NBMacBookPro/2026/DevToM/devtom-openrouter/logs/2026-07-14T19-34-22-00-00_tom-12dim-mcq_no9foEwuiPDw7PxVN476R3.eval,Knowledge Access / Ignorance,Knowledge access,1.0,0.0
openrouter/meta-llama/llama-4-scout,tom_12dim_mcq,2026-07-14T19:34:22+00:00,file:///Users/Naiti/Documents/Documents_NBMacBookPro/2026/DevToM/devtom-openrouter/logs/2026-07-14T19-34-22-00-00_tom-12dim-mcq_no9foEwuiPDw7PxVN476R3.eval,Sarcasm,Pragmatic understanding,1.0,0.0
openrouter/meta-llama/llama-4-scout,tom_12dim_mcq,2026-07-14T19:34:22+00:00,file:///Users/Naiti/Documents/Documents_NBMacBookPro/2026/DevToM/devtom-openrouter/logs/2026-07-14T19-34-22-00-00_tom-12dim-mcq_no9foEwuiPDw7PxVN476R3.eval,Second-Order False Belief,Belief reasoning,1.0,0.0
openrouter/meta-llama/llama-4-scout,tom_12dim_mcq,2026-07-14T19:34:22+00:00,file:///Users/Naiti/Documents/Documents_NBMacBookPro/2026/DevToM/devtom-openrouter/logs/2026-07-14T19-34-22-00-00_tom-12dim-mcq_no9foEwuiPDw7PxVN476R3.eval,White Lies / Prosocial Deception,Deception,1.0,0.0
openrouter/mistralai/mistral-small-24b-instruct-2501,tom_12dim_mcq,2026-07-14T19:29:56+00:00,file:///Users/Naiti/Documents/Documents_NBMacBookPro/2026/DevToM/devtom-openrouter/logs/2026-07-14T19-29-56-00-00_tom-12dim-mcq_6tiPWgyPEobbFHiw53nYnZ.eval,ALL (overall),ALL (overall),1.0,0.0
openrouter/mistralai/mistral-small-24b-instruct-2501,tom_12dim_mcq,2026-07-14T19:29:56+00:00,file:///Users/Naiti/Documents/Documents_NBMacBookPro/2026/DevToM/devtom-openrouter/logs/2026-07-14T19-29-56-00-00_tom-12dim-mcq_6tiPWgyPEobbFHiw53nYnZ.eval,Diverse Beliefs,Belief reasoning,1.0,0.0
openrouter/mistralai/mistral-small-24b-instruct-2501,tom_12dim_mcq,2026-07-14T19:29:56+00:00,file:///Users/Naiti/Documents/Documents_NBMacBookPro/2026/DevToM/devtom-openrouter/logs/2026-07-14T19-29-56-00-00_tom-12dim-mcq_6tiPWgyPEobbFHiw53nYnZ.eval,Diverse Desires,Desire / intention inference,1.0,0.0
openrouter/mistralai/mistral-small-24b-instruct-2501,tom_12dim_mcq,2026-07-14T19:29:56+00:00,file:///Users/Naiti/Documents/Documents_NBMacBookPro/2026/DevToM/devtom-openrouter/logs/2026-07-14T19-29-56-00-00_tom-12dim-mcq_6tiPWgyPEobbFHiw53nYnZ.eval,Emotion Recognition,Emotion recognition,1.0,0.0
openrouter/mistralai/mistral-small-24b-instruct-2501,tom_12dim_mcq,2026-07-14T19:29:56+00:00,file:///Users/Naiti/Documents/Documents_NBMacBookPro/2026/DevToM/devtom-openrouter/logs/2026-07-14T19-29-56-00-00_tom-12dim-mcq_6tiPWgyPEobbFHiw53nYnZ.eval,Faux Pas Detection,Pragmatic understanding,1.0,0.0
openrouter/mistralai/mistral-small-24b-instruct-2501,tom_12dim_mcq,2026-07-14T19:29:56+00:00,file:///Users/Naiti/Documents/Documents_NBMacBookPro/2026/DevToM/devtom-openrouter/logs/2026-07-14T19-29-56-00-00_tom-12dim-mcq_6tiPWgyPEobbFHiw53nYnZ.eval,First-Order False Belief,Belief reasoning,1.0,0.0
openrouter/mistralai/mistral-small-24b-instruct-2501,tom_12dim_mcq,2026-07-14T19:29:56+00:00,file:///Users/Naiti/Documents/Documents_NBMacBookPro/2026/DevToM/devtom-openrouter/logs/2026-07-14T19-29-56-00-00_tom-12dim-mcq_6tiPWgyPEobbFHiw53nYnZ.eval,Hidden Emotion (Appearance vs. Reality),Emotion recognition,1.0,0.0
openrouter/mistralai/mistral-small-24b-instruct-2501,tom_12dim_mcq,2026-07-14T19:29:56+00:00,file:///Users/Naiti/Documents/Documents_NBMacBookPro/2026/DevToM/devtom-openrouter/logs/2026-07-14T19-29-56-00-00_tom-12dim-mcq_6tiPWgyPEobbFHiw53nYnZ.eval,Intention vs. Accident,Desire / intention inference,1.0,0.0
openrouter/mistralai/mistral-small-24b-instruct-2501,tom_12dim_mcq,2026-07-14T19:29:56+00:00,file:///Users/Naiti/Documents/Documents_NBMacBookPro/2026/DevToM/devtom-openrouter/logs/2026-07-14T19-29-56-00-00_tom-12dim-mcq_6tiPWgyPEobbFHiw53nYnZ.eval,Irony,Pragmatic understanding,1.0,0.0
openrouter/mistralai/mistral-small-24b-instruct-2501,tom_12dim_mcq,2026-07-14T19:29:56+00:00,file:///Users/Naiti/Documents/Documents_NBMacBookPro/2026/DevToM/devtom-openrouter/logs/2026-07-14T19-29-56-00-00_tom-12dim-mcq_6tiPWgyPEobbFHiw53nYnZ.eval,Knowledge Access / Ignorance,Knowledge access,1.0,0.0
openrouter/mistralai/mistral-small-24b-instruct-2501,tom_12dim_mcq,2026-07-14T19:29:56+00:00,file:///Users/Naiti/Documents/Documents_NBMacBookPro/2026/DevToM/devtom-openrouter/logs/2026-07-14T19-29-56-00-00_tom-12dim-mcq_6tiPWgyPEobbFHiw53nYnZ.eval,Sarcasm,Pragmatic understanding,1.0,0.0
openrouter/mistralai/mistral-small-24b-instruct-2501,tom_12dim_mcq,2026-07-14T19:29:56+00:00,file:///Users/Naiti/Documents/Documents_NBMacBookPro/2026/DevToM/devtom-openrouter/logs/2026-07-14T19-29-56-00-00_tom-12dim-mcq_6tiPWgyPEobbFHiw53nYnZ.eval,Second-Order False Belief,Belief reasoning,1.0,0.0
openrouter/mistralai/mistral-small-24b-instruct-2501,tom_12dim_mcq,2026-07-14T19:29:56+00:00,file:///Users/Naiti/Documents/Documents_NBMacBookPro/2026/DevToM/devtom-openrouter/logs/2026-07-14T19-29-56-00-00_tom-12dim-mcq_6tiPWgyPEobbFHiw53nYnZ.eval,White Lies / Prosocial Deception,Deception,1.0,0.0
openrouter/mistralai/mistral-small-3.2-24b-instruct,tom_12dim_mcq,2026-07-14T19:40:53+00:00,file:///Users/Naiti/Documents/Documents_NBMacBookPro/2026/DevToM/devtom-openrouter/logs/2026-07-14T19-40-53-00-00_tom-12dim-mcq_eZMBetPzWWN6s6tCgctyS5.eval,ALL (overall),ALL (overall),1.0,0.0
openrouter/mistralai/mistral-small-3.2-24b-instruct,tom_12dim_mcq,2026-07-14T19:40:53+00:00,file:///Users/Naiti/Documents/Documents_NBMacBookPro/2026/DevToM/devtom-openrouter/logs/2026-07-14T19-40-53-00-00_tom-12dim-mcq_eZMBetPzWWN6s6tCgctyS5.eval,Diverse Beliefs,Belief reasoning,1.0,0.0
openrouter/mistralai/mistral-small-3.2-24b-instruct,tom_12dim_mcq,2026-07-14T19:40:53+00:00,file:///Users/Naiti/Documents/Documents_NBMacBookPro/2026/DevToM/devtom-openrouter/logs/2026-07-14T19-40-53-00-00_tom-12dim-mcq_eZMBetPzWWN6s6tCgctyS5.eval,Diverse Desires,Desire / intention inference,1.0,0.0
openrouter/mistralai/mistral-small-3.2-24b-instruct,tom_12dim_mcq,2026-07-14T19:40:53+00:00,file:///Users/Naiti/Documents/Documents_NBMacBookPro/2026/DevToM/devtom-openrouter/logs/2026-07-14T19-40-53-00-00_tom-12dim-mcq_eZMBetPzWWN6s6tCgctyS5.eval,Emotion Recognition,Emotion recognition,1.0,0.0
openrouter/mistralai/mistral-small-3.2-24b-instruct,tom_12dim_mcq,2026-07-14T19:40:53+00:00,file:///Users/Naiti/Documents/Documents_NBMacBookPro/2026/DevToM/devtom-openrouter/logs/2026-07-14T19-40-53-00-00_tom-12dim-mcq_eZMBetPzWWN6s6tCgctyS5.eval,Faux Pas Detection,Pragmatic understanding,1.0,0.0
openrouter/mistralai/mistral-small-3.2-24b-instruct,tom_12dim_mcq,2026-07-14T19:40:53+00:00,file:///Users/Naiti/Documents/Documents_NBMacBookPro/2026/DevToM/devtom-openrouter/logs/2026-07-14T19-40-53-00-00_tom-12dim-mcq_eZMBetPzWWN6s6tCgctyS5.eval,First-Order False Belief,Belief reasoning,1.0,0.0
openrouter/mistralai/mistral-small-3.2-24b-instruct,tom_12dim_mcq,2026-07-14T19:40:53+00:00,file:///Users/Naiti/Documents/Documents_NBMacBookPro/2026/DevToM/devtom-openrouter/logs/2026-07-14T19-40-53-00-00_tom-12dim-mcq_eZMBetPzWWN6s6tCgctyS5.eval,Hidden Emotion (Appearance vs. Reality),Emotion recognition,1.0,0.0
openrouter/mistralai/mistral-small-3.2-24b-instruct,tom_12dim_mcq,2026-07-14T19:40:53+00:00,file:///Users/Naiti/Documents/Documents_NBMacBookPro/2026/DevToM/devtom-openrouter/logs/2026-07-14T19-40-53-00-00_tom-12dim-mcq_eZMBetPzWWN6s6tCgctyS5.eval,Intention vs. Accident,Desire / intention inference,1.0,0.0
openrouter/mistralai/mistral-small-3.2-24b-instruct,tom_12dim_mcq,2026-07-14T19:40:53+00:00,file:///Users/Naiti/Documents/Documents_NBMacBookPro/2026/DevToM/devtom-openrouter/logs/2026-07-14T19-40-53-00-00_tom-12dim-mcq_eZMBetPzWWN6s6tCgctyS5.eval,Irony,Pragmatic understanding,1.0,0.0
openrouter/mistralai/mistral-small-3.2-24b-instruct,tom_12dim_mcq,2026-07-14T19:40:53+00:00,file:///Users/Naiti/Documents/Documents_NBMacBookPro/2026/DevToM/devtom-openrouter/logs/2026-07-14T19-40-53-00-00_tom-12dim-mcq_eZMBetPzWWN6s6tCgctyS5.eval,Knowledge Access / Ignorance,Knowledge access,1.0,0.0
openrouter/mistralai/mistral-small-3.2-24b-instruct,tom_12dim_mcq,2026-07-14T19:40:53+00:00,file:///Users/Naiti/Documents/Documents_NBMacBookPro/2026/DevToM/devtom-openrouter/logs/2026-07-14T19-40-53-00-00_tom-12dim-mcq_eZMBetPzWWN6s6tCgctyS5.eval,Sarcasm,Pragmatic understanding,1.0,0.0
openrouter/mistralai/mistral-small-3.2-24b-instruct,tom_12dim_mcq,2026-07-14T19:40:53+00:00,file:///Users/Naiti/Documents/Documents_NBMacBookPro/2026/DevToM/devtom-openrouter/logs/2026-07-14T19-40-53-00-00_tom-12dim-mcq_eZMBetPzWWN6s6tCgctyS5.eval,Second-Order False Belief,Belief reasoning,1.0,0.0
openrouter/mistralai/mistral-small-3.2-24b-instruct,tom_12dim_mcq,2026-07-14T19:40:53+00:00,file:///Users/Naiti/Documents/Documents_NBMacBookPro/2026/DevToM/devtom-openrouter/logs/2026-07-14T19-40-53-00-00_tom-12dim-mcq_eZMBetPzWWN6s6tCgctyS5.eval,White Lies / Prosocial Deception,Deception,1.0,0.0
openrouter/qwen/qwen-2.5-72b-instruct,tom_12dim_mcq,2026-07-14T19:22:34+00:00,file:///Users/Naiti/Documents/Documents_NBMacBookPro/2026/DevToM/devtom-openrouter/logs/2026-07-14T19-22-34-00-00_tom-12dim-mcq_CUK52fxavfbXf3KfP4dNFs.eval,ALL (overall),ALL (overall),1.0,0.0
openrouter/qwen/qwen-2.5-72b-instruct,tom_12dim_mcq,2026-07-14T19:22:34+00:00,file:///Users/Naiti/Documents/Documents_NBMacBookPro/2026/DevToM/devtom-openrouter/logs/2026-07-14T19-22-34-00-00_tom-12dim-mcq_CUK52fxavfbXf3KfP4dNFs.eval,Diverse Beliefs,Belief reasoning,1.0,0.0
openrouter/qwen/qwen-2.5-72b-instruct,tom_12dim_mcq,2026-07-14T19:22:34+00:00,file:///Users/Naiti/Documents/Documents_NBMacBookPro/2026/DevToM/devtom-openrouter/logs/2026-07-14T19-22-34-00-00_tom-12dim-mcq_CUK52fxavfbXf3KfP4dNFs.eval,Diverse Desires,Desire / intention inference,1.0,0.0
openrouter/qwen/qwen-2.5-72b-instruct,tom_12dim_mcq,2026-07-14T19:22:34+00:00,file:///Users/Naiti/Documents/Documents_NBMacBookPro/2026/DevToM/devtom-openrouter/logs/2026-07-14T19-22-34-00-00_tom-12dim-mcq_CUK52fxavfbXf3KfP4dNFs.eval,Emotion Recognition,Emotion recognition,1.0,0.0
openrouter/qwen/qwen-2.5-72b-instruct,tom_12dim_mcq,2026-07-14T19:22:34+00:00,file:///Users/Naiti/Documents/Documents_NBMacBookPro/2026/DevToM/devtom-openrouter/logs/2026-07-14T19-22-34-00-00_tom-12dim-mcq_CUK52fxavfbXf3KfP4dNFs.eval,Faux Pas Detection,Pragmatic understanding,1.0,0.0
openrouter/qwen/qwen-2.5-72b-instruct,tom_12dim_mcq,2026-07-14T19:22:34+00:00,file:///Users/Naiti/Documents/Documents_NBMacBookPro/2026/DevToM/devtom-openrouter/logs/2026-07-14T19-22-34-00-00_tom-12dim-mcq_CUK52fxavfbXf3KfP4dNFs.eval,First-Order False Belief,Belief reasoning,1.0,0.0
openrouter/qwen/qwen-2.5-72b-instruct,tom_12dim_mcq,2026-07-14T19:22:34+00:00,file:///Users/Naiti/Documents/Documents_NBMacBookPro/2026/DevToM/devtom-openrouter/logs/2026-07-14T19-22-34-00-00_tom-12dim-mcq_CUK52fxavfbXf3KfP4dNFs.eval,Hidden Emotion (Appearance vs. Reality),Emotion recognition,1.0,0.0
openrouter/qwen/qwen-2.5-72b-instruct,tom_12dim_mcq,2026-07-14T19:22:34+00:00,file:///Users/Naiti/Documents/Documents_NBMacBookPro/2026/DevToM/devtom-openrouter/logs/2026-07-14T19-22-34-00-00_tom-12dim-mcq_CUK52fxavfbXf3KfP4dNFs.eval,Intention vs. Accident,Desire / intention inference,1.0,0.0
openrouter/qwen/qwen-2.5-72b-instruct,tom_12dim_mcq,2026-07-14T19:22:34+00:00,file:///Users/Naiti/Documents/Documents_NBMacBookPro/2026/DevToM/devtom-openrouter/logs/2026-07-14T19-22-34-00-00_tom-12dim-mcq_CUK52fxavfbXf3KfP4dNFs.eval,Irony,Pragmatic understanding,1.0,0.0
openrouter/qwen/qwen-2.5-72b-instruct,tom_12dim_mcq,2026-07-14T19:22:34+00:00,file:///Users/Naiti/Documents/Documents_NBMacBookPro/2026/DevToM/devtom-openrouter/logs/2026-07-14T19-22-34-00-00_tom-12dim-mcq_CUK52fxavfbXf3KfP4dNFs.eval,Knowledge Access / Ignorance,Knowledge access,1.0,0.0
openrouter/qwen/qwen-2.5-72b-instruct,tom_12dim_mcq,2026-07-14T19:22:34+00:00,file:///Users/Naiti/Documents/Documents_NBMacBookPro/2026/DevToM/devtom-openrouter/logs/2026-07-14T19-22-34-00-00_tom-12dim-mcq_CUK52fxavfbXf3KfP4dNFs.eval,Sarcasm,Pragmatic understanding,1.0,0.0
openrouter/qwen/qwen-2.5-72b-instruct,tom_12dim_mcq,2026-07-14T19:22:34+00:00,file:///Users/Naiti/Documents/Documents_NBMacBookPro/2026/DevToM/devtom-openrouter/logs/2026-07-14T19-22-34-00-00_tom-12dim-mcq_CUK52fxavfbXf3KfP4dNFs.eval,Second-Order False Belief,Belief reasoning,1.0,0.0
openrouter/qwen/qwen-2.5-72b-instruct,tom_12dim_mcq,2026-07-14T19:22:34+00:00,file:///Users/Naiti/Documents/Documents_NBMacBookPro/2026/DevToM/devtom-openrouter/logs/2026-07-14T19-22-34-00-00_tom-12dim-mcq_CUK52fxavfbXf3KfP4dNFs.eval,White Lies / Prosocial Deception,Deception,1.0,0.0
openrouter/qwen/qwen-2.5-7b-instruct,tom_12dim_mcq,2026-07-14T19:21:56+00:00,file:///Users/Naiti/Documents/Documents_NBMacBookPro/2026/DevToM/devtom-openrouter/logs/2026-07-14T19-21-56-00-00_tom-12dim-mcq_gsrqdaRhYUZ32GyscPV2GM.eval,ALL (overall),ALL (overall),0.8225806451612904,0.03444587215730566
openrouter/qwen/qwen-2.5-7b-instruct,tom_12dim_mcq,2026-07-14T19:21:56+00:00,file:///Users/Naiti/Documents/Documents_NBMacBookPro/2026/DevToM/devtom-openrouter/logs/2026-07-14T19-21-56-00-00_tom-12dim-mcq_gsrqdaRhYUZ32GyscPV2GM.eval,Diverse Beliefs,Belief reasoning,1.0,0.0
openrouter/qwen/qwen-2.5-7b-instruct,tom_12dim_mcq,2026-07-14T19:21:56+00:00,file:///Users/Naiti/Documents/Documents_NBMacBookPro/2026/DevToM/devtom-openrouter/logs/2026-07-14T19-21-56-00-00_tom-12dim-mcq_gsrqdaRhYUZ32GyscPV2GM.eval,Diverse Desires,Desire / intention inference,1.0,0.0
openrouter/qwen/qwen-2.5-7b-instruct,tom_12dim_mcq,2026-07-14T19:21:56+00:00,file:///Users/Naiti/Documents/Documents_NBMacBookPro/2026/DevToM/devtom-openrouter/logs/2026-07-14T19-21-56-00-00_tom-12dim-mcq_gsrqdaRhYUZ32GyscPV2GM.eval,Emotion Recognition,Emotion recognition,1.0,0.0
openrouter/qwen/qwen-2.5-7b-instruct,tom_12dim_mcq,2026-07-14T19:21:56+00:00,file:///Users/Naiti/Documents/Documents_NBMacBookPro/2026/DevToM/devtom-openrouter/logs/2026-07-14T19-21-56-00-00_tom-12dim-mcq_gsrqdaRhYUZ32GyscPV2GM.eval,Faux Pas Detection,Pragmatic understanding,1.0,0.0
openrouter/qwen/qwen-2.5-7b-instruct,tom_12dim_mcq,2026-07-14T19:21:56+00:00,file:///Users/Naiti/Documents/Documents_NBMacBookPro/2026/DevToM/devtom-openrouter/logs/2026-07-14T19-21-56-00-00_tom-12dim-mcq_gsrqdaRhYUZ32GyscPV2GM.eval,First-Order False Belief,Belief reasoning,0.9166666666666666,0.08333333333333333
openrouter/qwen/qwen-2.5-7b-instruct,tom_12dim_mcq,2026-07-14T19:21:56+00:00,file:///Users/Naiti/Documents/Documents_NBMacBookPro/2026/DevToM/devtom-openrouter/logs/2026-07-14T19-21-56-00-00_tom-12dim-mcq_gsrqdaRhYUZ32GyscPV2GM.eval,Hidden Emotion (Appearance vs. Reality),Emotion recognition,0.5,0.16666666666666666
openrouter/qwen/qwen-2.5-7b-instruct,tom_12dim_mcq,2026-07-14T19:21:56+00:00,file:///Users/Naiti/Documents/Documents_NBMacBookPro/2026/DevToM/devtom-openrouter/logs/2026-07-14T19-21-56-00-00_tom-12dim-mcq_gsrqdaRhYUZ32GyscPV2GM.eval,Intention vs. Accident,Desire / intention inference,0.7,0.15275252316519466
openrouter/qwen/qwen-2.5-7b-instruct,tom_12dim_mcq,2026-07-14T19:21:56+00:00,file:///Users/Naiti/Documents/Documents_NBMacBookPro/2026/DevToM/devtom-openrouter/logs/2026-07-14T19-21-56-00-00_tom-12dim-mcq_gsrqdaRhYUZ32GyscPV2GM.eval,Irony,Pragmatic understanding,0.7,0.15275252316519464
openrouter/qwen/qwen-2.5-7b-instruct,tom_12dim_mcq,2026-07-14T19:21:56+00:00,file:///Users/Naiti/Documents/Documents_NBMacBookPro/2026/DevToM/devtom-openrouter/logs/2026-07-14T19-21-56-00-00_tom-12dim-mcq_gsrqdaRhYUZ32GyscPV2GM.eval,Knowledge Access / Ignorance,Knowledge access,0.6,0.1632993161855452
openrouter/qwen/qwen-2.5-7b-instruct,tom_12dim_mcq,2026-07-14T19:21:56+00:00,file:///Users/Naiti/Documents/Documents_NBMacBookPro/2026/DevToM/devtom-openrouter/logs/2026-07-14T19-21-56-00-00_tom-12dim-mcq_gsrqdaRhYUZ32GyscPV2GM.eval,Sarcasm,Pragmatic understanding,0.5,0.16666666666666666
openrouter/qwen/qwen-2.5-7b-instruct,tom_12dim_mcq,2026-07-14T19:21:56+00:00,file:///Users/Naiti/Documents/Documents_NBMacBookPro/2026/DevToM/devtom-openrouter/logs/2026-07-14T19-21-56-00-00_tom-12dim-mcq_gsrqdaRhYUZ32GyscPV2GM.eval,Second-Order False Belief,Belief reasoning,1.0,0.0
openrouter/qwen/qwen-2.5-7b-instruct,tom_12dim_mcq,2026-07-14T19:21:56+00:00,file:///Users/Naiti/Documents/Documents_NBMacBookPro/2026/DevToM/devtom-openrouter/logs/2026-07-14T19-21-56-00-00_tom-12dim-mcq_gsrqdaRhYUZ32GyscPV2GM.eval,White Lies / Prosocial Deception,Deception,0.9,0.09999999999999999
openrouter/qwen/qwen3-32b,tom_12dim_mcq,2026-07-14T19:36:21+00:00,file:///Users/Naiti/Documents/Documents_NBMacBookPro/2026/DevToM/devtom-openrouter/logs/2026-07-14T19-36-21-00-00_tom-12dim-mcq_eAsiJPnVb2eMyNeS8PSZRx.eval,ALL (overall),ALL (overall),1.0,0.0
openrouter/qwen/qwen3-32b,tom_12dim_mcq,2026-07-14T19:36:21+00:00,file:///Users/Naiti/Documents/Documents_NBMacBookPro/2026/DevToM/devtom-openrouter/logs/2026-07-14T19-36-21-00-00_tom-12dim-mcq_eAsiJPnVb2eMyNeS8PSZRx.eval,Diverse Beliefs,Belief reasoning,1.0,0.0
openrouter/qwen/qwen3-32b,tom_12dim_mcq,2026-07-14T19:36:21+00:00,file:///Users/Naiti/Documents/Documents_NBMacBookPro/2026/DevToM/devtom-openrouter/logs/2026-07-14T19-36-21-00-00_tom-12dim-mcq_eAsiJPnVb2eMyNeS8PSZRx.eval,Diverse Desires,Desire / intention inference,1.0,0.0
openrouter/qwen/qwen3-32b,tom_12dim_mcq,2026-07-14T19:36:21+00:00,file:///Users/Naiti/Documents/Documents_NBMacBookPro/2026/DevToM/devtom-openrouter/logs/2026-07-14T19-36-21-00-00_tom-12dim-mcq_eAsiJPnVb2eMyNeS8PSZRx.eval,Emotion Recognition,Emotion recognition,1.0,0.0
openrouter/qwen/qwen3-32b,tom_12dim_mcq,2026-07-14T19:36:21+00:00,file:///Users/Naiti/Documents/Documents_NBMacBookPro/2026/DevToM/devtom-openrouter/logs/2026-07-14T19-36-21-00-00_tom-12dim-mcq_eAsiJPnVb2eMyNeS8PSZRx.eval,Faux Pas Detection,Pragmatic understanding,1.0,0.0
openrouter/qwen/qwen3-32b,tom_12dim_mcq,2026-07-14T19:36:21+00:00,file:///Users/Naiti/Documents/Documents_NBMacBookPro/2026/DevToM/devtom-openrouter/logs/2026-07-14T19-36-21-00-00_tom-12dim-mcq_eAsiJPnVb2eMyNeS8PSZRx.eval,First-Order False Belief,Belief reasoning,1.0,0.0
openrouter/qwen/qwen3-32b,tom_12dim_mcq,2026-07-14T19:36:21+00:00,file:///Users/Naiti/Documents/Documents_NBMacBookPro/2026/DevToM/devtom-openrouter/logs/2026-07-14T19-36-21-00-00_tom-12dim-mcq_eAsiJPnVb2eMyNeS8PSZRx.eval,Hidden Emotion (Appearance vs. Reality),Emotion recognition,1.0,0.0
openrouter/qwen/qwen3-32b,tom_12dim_mcq,2026-07-14T19:36:21+00:00,file:///Users/Naiti/Documents/Documents_NBMacBookPro/2026/DevToM/devtom-openrouter/logs/2026-07-14T19-36-21-00-00_tom-12dim-mcq_eAsiJPnVb2eMyNeS8PSZRx.eval,Intention vs. Accident,Desire / intention inference,1.0,0.0
openrouter/qwen/qwen3-32b,tom_12dim_mcq,2026-07-14T19:36:21+00:00,file:///Users/Naiti/Documents/Documents_NBMacBookPro/2026/DevToM/devtom-openrouter/logs/2026-07-14T19-36-21-00-00_tom-12dim-mcq_eAsiJPnVb2eMyNeS8PSZRx.eval,Irony,Pragmatic understanding,1.0,0.0
openrouter/qwen/qwen3-32b,tom_12dim_mcq,2026-07-14T19:36:21+00:00,file:///Users/Naiti/Documents/Documents_NBMacBookPro/2026/DevToM/devtom-openrouter/logs/2026-07-14T19-36-21-00-00_tom-12dim-mcq_eAsiJPnVb2eMyNeS8PSZRx.eval,Knowledge Access / Ignorance,Knowledge access,1.0,0.0
openrouter/qwen/qwen3-32b,tom_12dim_mcq,2026-07-14T19:36:21+00:00,file:///Users/Naiti/Documents/Documents_NBMacBookPro/2026/DevToM/devtom-openrouter/logs/2026-07-14T19-36-21-00-00_tom-12dim-mcq_eAsiJPnVb2eMyNeS8PSZRx.eval,Sarcasm,Pragmatic understanding,1.0,0.0
openrouter/qwen/qwen3-32b,tom_12dim_mcq,2026-07-14T19:36:21+00:00,file:///Users/Naiti/Documents/Documents_NBMacBookPro/2026/DevToM/devtom-openrouter/logs/2026-07-14T19-36-21-00-00_tom-12dim-mcq_eAsiJPnVb2eMyNeS8PSZRx.eval,Second-Order False Belief,Belief reasoning,1.0,0.0
openrouter/qwen/qwen3-32b,tom_12dim_mcq,2026-07-14T19:36:21+00:00,file:///Users/Naiti/Documents/Documents_NBMacBookPro/2026/DevToM/devtom-openrouter/logs/2026-07-14T19-36-21-00-00_tom-12dim-mcq_eAsiJPnVb2eMyNeS8PSZRx.eval,White Lies / Prosocial Deception,Deception,1.0,0.0
